-- phpMyAdmin SQL Dump
-- version 5.2.0
-- https://www.phpmyadmin.net/
--
-- Servidor: localhost
-- Tiempo de generación: 25-05-2023 a las 15:04:21
-- Versión del servidor: 10.4.21-MariaDB
-- Versión de PHP: 8.1.6

SET SQL_MODE = "NO_AUTO_VALUE_ON_ZERO";
START TRANSACTION;
SET time_zone = "+00:00";


/*!40101 SET @OLD_CHARACTER_SET_CLIENT=@@CHARACTER_SET_CLIENT */;
/*!40101 SET @OLD_CHARACTER_SET_RESULTS=@@CHARACTER_SET_RESULTS */;
/*!40101 SET @OLD_COLLATION_CONNECTION=@@COLLATION_CONNECTION */;
/*!40101 SET NAMES utf8mb4 */;

--
-- Base de datos: `alcon`
--

-- --------------------------------------------------------

--
-- Estructura de tabla para la tabla `cliente`
--

CREATE TABLE `cliente` (
  `nit` varchar(20) NOT NULL,
  `nombre` varchar(50) NOT NULL
) ENGINE=InnoDB DEFAULT CHARSET=utf8mb4;

--
-- Volcado de datos para la tabla `cliente`
--

INSERT INTO `cliente` (`nit`, `nombre`) VALUES
('1', 'CLIENTE  PREDETERMINADO \r'),
('10', 'RENE  RICO \r'),
('10002196', 'JOHAN DE JESUS VANEGAS GAVIRIA\r'),
('10023124', 'HERNAN  ROMERO GUARIN\r'),
('10027206', 'DIDIER IVAN PERLA CHIQUITO\r'),
('100587750', 'VALERIA  MOLINA TORRES\r'),
('10073711', 'GERMAN  VALENCIA GRAJALES\r'),
('10095065', 'GERMAN  ECHEVERRI MARTINEZ\r'),
('10097097', 'JOSE HORACIO LOPEZ \r'),
('10141668', 'JESUS ANTONIO LOPEZ \r'),
('10161048', 'MIGUEL ANGEL RAMIREZ \r'),
('10185492', 'ANDRES FERNANDO ARANGO ARIAS\r'),
('10191463', 'HERNAN DE JESUS VILLEGAS \r'),
('10211777', 'DIEGO ALONSO VALENCIA CARDONA\r'),
('10229334', 'GERMAN  JARAMILLO VILLEGAS\r'),
('10251457', 'LUIS FERNANDO ESCOBAR ESCOBAR\r'),
('10252543', 'HECTOR  LONDOÑO \r'),
('10260488', 'ANCIZAR  DIAZ GALEANO\r'),
('10269762', 'JORGE ENRIQUE RAMIREZ CADAVID\r'),
('10272509', 'JORGE ANCIZAR CALLE \r'),
('10273147', 'FRANCISNED  GONZALEZ LOPEZ\r'),
('10285645', 'JOSE  LADINO \r'),
('10294566', 'ELKIN MANOLO SALAZAR SALAZAR\r'),
('1037286', 'INDALECIO  VALDERRAMA DUARTE\r'),
('10479043', 'JAIR  ALDANA \r'),
('10491907', 'JHONN JAIRO HURTADO BALCAZAR\r'),
('10525645', 'WILLIAN  NAVARRO \r'),
('10566314', 'HERMES  ORDOÑEZ NOGUERA\r'),
('10693975', 'NEVAR  VASQUEZ \r'),
('108535708', 'JUAN CARLOS ANRANGO LARA\r'),
('11', 'RAMIRO  MI CASITA \r'),
('111586179', 'JESUS MAURICIO VALBUENA VALENCIA\r'),
('11165846', 'MANUEL  MOTOYA \r'),
('11311301', 'CARLOS ARTURO SUAREZ VASQUEZ\r'),
('11331679', 'SAUL  CARDENAS RUEDA\r'),
('114060458', 'ANTONIO  VILLA \r'),
('11955120', 'JUAN EDUARDO RIOS \r'),
('12', 'ALBERTO  PATIÑO \r'),
('12095087', 'JOSE  ANDRADE \r'),
('12108074', 'GERSAIN  FRANCO RENGIFO\r'),
('12238370', 'DUVER  MORALES ANDRADE\r'),
('12272975', 'RONAL  ASTAIZA \r'),
('12640591', 'PEDRO MANUEL MERCADO REYES\r'),
('12644727', 'LUIS GUSTAVO BARRIOS NARANJO\r'),
('12646456', 'ANGEL ELIAS SOLANO PALACIO\r'),
('12954875', 'FRANKLIN FRED BASTIDAS RECALDE\r'),
('12978276', 'JOSE IGNACIO CERON ROSAS\r'),
('12981532', 'JOSE FRANCISCO INAMPUES TORO\r'),
('13', 'SANDRA  GALLEGO \r'),
('13009927', 'HIGINIO JESUS USAMA TATICUAN\r'),
('13039440', 'HENRY SANDRO CUATIN POSSO\r'),
('13054360', 'LUIS ANTONIO ROSERO VALENZUELA\r'),
('13066045', 'DAGOBERTO ALBEIRO ZUÑIGA SOLARTE\r'),
('13074218', 'VICENTE SALOMON CHAPID CULCHAG\r'),
('13510928', 'CARLOS ALBERTO GIRALDO CALDERON\r'),
('13585076', 'DANIEL  PEREZ CUADROS\r'),
('13847090', 'ORLANDO  RESTREPO CADENAS\r'),
('14', 'RIOSUCIO YENY RENDON MI CASITA \r'),
('14192706', 'JOSE HENDER GUARACA \r'),
('14193639', 'LUIS ALFONSO B \r'),
('14232221', 'HERNAN  RAMIREZ SERNA\r'),
('14248987', 'DARIO  HIDALGO PIAMBA\r'),
('14270655', 'OMAR  AYALA \r'),
('14274273', 'GUSTAVO  MESA \r'),
('14395235', 'ALEXANDER  PALOMINO \r'),
('14438841', 'GUILLERMO  SARRIA DUQUE\r'),
('14487148', 'ROGELIO  MORENO SEPULVEDA\r'),
('14575580', 'ADRIAN  DE LA CRUZ LOZADA\r'),
('14575787', 'OCTAVIO  ORREGO \r'),
('14575910', 'HERIBERTO  SUAREZ \r'),
('14577036', 'PHANOR ALFREDO RAMIREZ PANTOJA\r'),
('14635010', 'MARLON ALEJANDRO ALZATE ARCE\r'),
('14650557', 'WILSON  DIAS PEÑA\r'),
('14650760', 'JOSE MANUEL TUMIÑA \r'),
('14651529', 'FANOR  BALDERRAMA \r'),
('14702576', 'MAURICIO ANTONIO VARGAS \r'),
('14704616', 'NELSON  PATIÑO \r'),
('14725064', 'GILBERTO DE JESUS JIMENEZ QUINTERO\r'),
('14725073', 'LEONARDO ANTONIO GIL GARCIA\r'),
('14725105', 'JOSE ASDRUAL BUITRAGO \r'),
('14725137', 'NELSON DE JESUS MOLINA CASTELLANOS\r'),
('14725141', 'ALEJANDRO  VALENCIA CASTAÑO\r'),
('14725144', 'JAIRO ANTONIO MOLINA CASTELLANOS\r'),
('14725150', 'JOSE ARCADIO OSORIO \r'),
('14725173', 'JOSE ALDEMAR ARREDONDO PULGARIN\r'),
('14725176', 'BERNARDO  VALENCIA CASTAÑO\r'),
('14725181', 'DIEGO  VALENCIA \r'),
('14725190', 'ANCIZAR  BENITES PEREIRA\r'),
('14725192', 'ALEXANDER DE JESUS BUENO UTIMA\r'),
('14745114', 'CESAR AUGUSTO OSPINA \r'),
('14755080', 'MANUEL URBANO CORTES SANCHEZ\r'),
('14755120', 'LUIS CARLOS CARDENAS \r'),
('14755239', 'CARLOS  NARVAEZ \r'),
('14755270', 'JOSE HUGO SOTO \r'),
('14762728', 'JAVIER  GARCIA \r'),
('14795604', 'GERARDO  MESA TORRES\r'),
('14798049', 'FABIAN  RAMIREZ \r'),
('14798208', 'DIEGO FERNANDO CEBALLOS GOMEZ\r'),
('14798848', 'RICARDO ADOLFO GIRALDO VASQUEZ\r'),
('14799268', 'ELIUT  DUQUE GRANOBLES\r'),
('14799607', 'ORCAR EDUARDO TABARES CANO\r'),
('14831109', 'RAMIRO  MARQUEZ \r'),
('14833764', 'ARGEMIO  SANCHEZ GARCIA\r'),
('14838001', 'JOSE JUAQUIN ALVARADO AGUDELO\r'),
('14870319', 'PABLO EMILIO BALLESTEROS HERRERA\r'),
('14870757', 'AMERICO  COBO ALVAREZ\r'),
('14871571', 'LUIS HERNAN GOMEZ TORO\r'),
('14871642', 'WILFREDO  OWENS \r'),
('14871843', 'GUIDO  ROMERO ORTIZ\r'),
('14871925', 'LEONARDO ANTONIO AGUDELO RAMIREZ\r'),
('14872103', 'JOSE DOMINGO MONTOYA \r'),
('14872237', 'OSCAR  GARCIA RIVERA\r'),
('14872349', 'ALBERTO  CAMPO \r'),
('14872529', 'FABIAN AMAYA SANCHEZ \r'),
('14872602', 'CARLOS AUGUSTO AYORA PEREZ\r'),
('14872672', 'JULIO CESAR SANCHEZ ANDRADE\r'),
('14872804', 'ANTONIO  CASTRILLON \r'),
('14873109', 'YELLY  LENIS ROMERO\r'),
('14873127', 'HERNANDO  RENDON \r'),
('14873218', 'MARCO TULIO CARDONA GORDILLO\r'),
('14873239', 'LUIS CARLOS CUELLAR RAMIREZ\r'),
('14873335', 'JAIRO WILLIAM DOMINGUEZ COBO\r'),
('14873340', 'LUIS BERNARDO CALLE PAREJA\r'),
('14873376', 'DIEGO  AZCARATE PRADO\r'),
('14873438', 'GERARDO  ARCILA MORALES\r'),
('14873480', 'GILBERTO  BARON SANTA\r'),
('14873514', 'OLIVO  REINA \r'),
('14873535', 'LUIS ALFONSO VALENCIA NARVAEZ\r'),
('14873624', 'LUIS FABER RODRIGUEZ \r'),
('14873665', 'ALBERTO DE JESUS LOPEZ LOPEZ\r'),
('14873872', 'MOISES  APONTE \r'),
('14873917', 'PEDRO ANTONIO HERRERA CORREDOR\r'),
('14874263', 'JAIRO  BERRIOS \r'),
('14874615', 'JESUS ANTONIO AZCARATE VASQUEZ\r'),
('14874935', 'MARCO TULIO MARTINEZ \r'),
('14875083', 'RAMIRO  QUINTERO GONZALEZ\r'),
('14875339', 'ARGEMIRO  PORRAS GIL\r'),
('14875372', 'JOSE BRANDON VELEZ OROZCO\r'),
('14875607', 'ALONSO  LOAIZA \r'),
('14875759', 'JORGE ELIECER ALVARADO GIRALDO\r'),
('14875946', 'LUIS ALFONSO SILVA HUERTAS\r'),
('14876497', 'MARTINEZ ROLDAN JOSE JOAQUIN\r'),
('14876500', 'ALBERTO HERNAN RAMIREZ GUZMAN\r'),
('14876624', 'ALBERTO  VASQUEZ \r'),
('14876715', 'UBENSE  SILVA HUERTAS\r'),
('14876791', 'RAUL  GONZALEZ \r'),
('14876871', 'HERMES  RIVERA MARIN\r'),
('14877230', 'ALIRIO  GARCIA URDINOLA\r'),
('14877237', 'OSCAR ARMANDO GARCIA \r'),
('14877301', 'JOSE GERARDO ESCOBAR MORENO\r'),
('14877326', 'EDINSON  BETANCOURT ALVAREZ\r'),
('14877329', 'EDINSON  BENTACOURT ALVAREZ\r'),
('14877445', 'LUIS DELIO SANCHEZ \r'),
('14877449', 'JESUS MARIA GOMEZ ESCOBAR\r'),
('14877504', 'JORGE JULIO HERRADA URRIAGO\r'),
('14877527', 'FELIX ANTONIO PEREZ RAMIREZ\r'),
('14877779', 'JESUS ANTONIO QUINTERO ARISTIZABAL\r'),
('14877927', 'JOSE RUBERNEY CARDONA ARRENDONDO\r'),
('14877950', 'ALFONZO  CIFUENTES AYALA\r'),
('14878135', 'JESUS ANTONIO ARCE PARRA\r'),
('14878313', 'FREDDY  SALGADO DOMINGUEZ\r'),
('14878805', 'JAIME  GUZMAN GONZALEZ\r'),
('14878863', 'UBALDO  BERMUDEZ \r'),
('14878981', 'FABIO  CIFUENTES \r'),
('14879242', 'MARCO ARBEY SALAZAR ROLDAN\r'),
('14879605', 'REINALDO DE JESUS TABORDA \r'),
('14879659', 'HECTOR FABIO HINOJOSA SAAVEDRA\r'),
('14879738', 'ADALBERTO  ECHEVERRY TABARES\r'),
('14879929', 'EDGAR ARMANDO SANTOS BARBOSA\r'),
('14880394', 'JOSE ADENIS HERRERA GONSALEZ\r'),
('14880722', 'FERNEY  PINEDA GONZALEZ\r'),
('14880926', 'EUGENIO  VIERA \r'),
('14880935', 'JOSE ALBERTO MANTILLA FRANCO\r'),
('14881103', 'JOSE RAUL MARTINEZ PEREZ\r'),
('14881432', 'HELMAN ADOLFO CAMPO MONTENEGRO\r'),
('14881506', 'JOSE HERNAN CARDONA \r'),
('14881729', 'CARLOS ALBERTO ROLDAN LONDOÑO\r'),
('14881791', 'CARLOS HERNANDO CAICEDO \r'),
('14881874', 'ALFREDO  MARTINEZ MARIN\r'),
('14881887', 'GERMAN ALONZO MARTINEZ \r'),
('14881894', 'LUIS ALFONZO GAVIRIA \r'),
('14881952', 'HENRY  SOLIS GIRALDO\r'),
('14882090', 'LUIS HORACIO GIRALDO MORALES\r'),
('14882140', 'JUAN CARLOS CASTELLANOS CAICEDO\r'),
('14882273', 'JOSE HUMBERTO MONROY ESCOBAR\r'),
('14882331', 'HENRY  LERMA \r'),
('14882378', 'EDGAR HERNAN OSSA REYES\r'),
('14882409', 'ALVARO LEONARDO CABRERA MENDOZA\r'),
('14882432', 'NELSON  GIRALDO \r'),
('14882480', 'DIONECIO  GARCIA \r'),
('14882492', 'GERARDO ANTONIO FRANCO MONTOYA\r'),
('14882537', 'DIEGO JOSE CAICEDO PEREZ\r'),
('14882573', 'FLOVER ANTONIO SEGURA \r'),
('14882652', 'CARLOS HUMBERTO RUEDA ARISTIZABAL\r'),
('14882844', 'JAIME  MATEUS CASAÑAS\r'),
('14883061', 'FELIX HUMBERTO CUELLAR ROLDAN\r'),
('14883168', 'JOSE ULICES LEON \r'),
('14883316', 'ELIECER  GARCIA GIRALDO\r'),
('14883433', 'JAIME ALBERTO VELASQUEZ CASTAÑO\r'),
('14883460', 'JOSE ANTONEYA RIOS OSPINA\r'),
('14883476', 'JOSE  ROMAN \r'),
('14883538', 'JORGE HERNAN CUADROS GIL\r'),
('14883545', 'ORLANDO  FRANCO ISAZA\r'),
('14883764', 'ARGEMIRO ANTONIO SANCHEZ \r'),
('14883802', 'WILLIAM  CALERO ORJUELA\r'),
('14883975', 'RICARDO  URUEÑA OSPINA\r'),
('14884324', 'LIDER DE JESUS COLORADO QUINTERO\r'),
('14884361', 'BENJAMIN OLIVER CASTILLO MORENO\r'),
('14884571', 'CARLOS ARTURO SANCHEZ \r'),
('14884765', 'CAMILO  GALVIS MUÑOZ\r'),
('14884800', 'JOSE WILMER OBIEDO AZCARATE\r'),
('14884811', 'WILLIAN  ARENAS \r'),
('14884970', 'LUIS GERARDO ARBOLEDA \r'),
('14884982', 'LUIS MARIO PERAFAN \r'),
('14885083', 'CARLOS ALBERTO GIRALDO MEJIA\r'),
('14885101', 'ANGEL JABES GARCIA HUSMA\r'),
('14885107', 'FERNANDO  AVILA \r'),
('14885115', 'ALBEIRO  GONZALEZ \r'),
('14885133', 'LUIS EDUARDO HOLGUIN ROMERO\r'),
('14885334', 'ADRIANO  MUÑOZ \r'),
('14885345', 'ARBEY  HERRERA ARCE\r'),
('14885514', 'RUBIEL  BEJARANO FERNANDEZ\r'),
('14885558', 'ALISANDER EMILIO PANIAGUA \r'),
('14885611', 'FREDY  ESCOBAR BERRIO\r'),
('14885857', 'EDGAR  CARDENAS ROJAS\r'),
('14885861', 'JERSON ANTONIO MUÑOZ VILLADA\r'),
('14885904', 'MARTIN ALONSO CASTAÑO CANO\r'),
('14886009', 'YIMY  SOTO \r'),
('14886141', 'JORGE HUMBERTO RENGIFO ABADIA\r'),
('14886145', 'HECTOR  COSSIO GONZALEZ\r'),
('14886232', 'RAFAEL  RAMOS \r'),
('14886428', 'MAURICIO  GONZALEZ SALCEDO\r'),
('14886498', 'ADAN  VASQUEZ CAMPOS\r'),
('14886622', 'JULIO CESAR NUPIA \r'),
('14886753', 'HAROLD HUMBERTO GARCIIA GIL\r'),
('14886932', 'JESUS ALFONSO OSPINA MARTINEZ\r'),
('14887000', 'JUAN CARLOS GRISALAES GOMEZ\r'),
('14887102', 'JOSE ALBEIRO RODRIGUEZ \r'),
('14887168', 'ALBEIRO ANTONIO GIRALDO SALGADO\r'),
('14887171', 'LUIS ANTONIO TAMAYO RAMIREZ\r'),
('14887221', 'JAIR ALONZO MARIN MARIN\r'),
('14887486', 'MARTIN  RODRIGUEZ \r'),
('14887526', 'HUGO MARINO AYALA IGLESIAS\r'),
('14887695', 'DANIEL HOLMES COSSIO GONZALEZ\r'),
('14887699', 'HENRY  SALCEDO RANGEL\r'),
('14887726', 'WILLIAM  ROJAS COBO\r'),
('14887795', 'EDUARDO JOSE RENGIFO RENGIFO\r'),
('14887868', 'JOSE NORVEY PATIÑO VELEZ\r'),
('14887903', 'CARLOS HEBERT DAZA LONDOÑO\r'),
('14887979', 'JAIME ALBERTO TORRES MUTIS\r'),
('14888015', 'HECTOR ALONSO ESTRADA RAMIREZ\r'),
('14888233', 'JUAN PABLO ARAGON CRESPO\r'),
('14888282', 'LEONEL  BARONA TRIANA\r'),
('14888325', 'CARLOS ALVARO SALCEDO \r'),
('14888351', 'JOSE TOMAS SANCHEZ \r'),
('14888388', 'JAVIER  LIBREROS \r'),
('14888499', 'JOSE HELIDER MUÑOZ MARTINEZ\r'),
('14888659', 'CAYETANO  ARCILA MORALES\r'),
('14888805', 'IVAN DARIO GIRALDO MEJIA\r'),
('14888810', 'ARLEX  MUÑOZ BRIÑAS\r'),
('148888351', 'JOSE TMAS SANCHEZ \r'),
('14888914', 'CARLOS  CORTES \r'),
('14889038', 'DIEGO FERNANDO OLIVEROS SANCHEZ\r'),
('14889332', 'ANGEL HUMBERTO QUEVEDO SANTAMARIA\r'),
('14889419', 'EUDER ANGEL OCAMPO BARRETO\r'),
('14889453', 'JHON  ZOLANO \r'),
('14889488', 'HERMES ANTONIO CASTAÑEDA NARANJO\r'),
('14889523', 'MEDARDO  CARDONA ARIAS\r'),
('14889529', 'NELSON  BEJARANO CARDONA\r'),
('14889664', 'ALFREDO  JIMENEZ ARGUELLES\r'),
('14889691', 'MANUEL FERNANDO COSSIO \r'),
('14889727', 'FERNANDO  CRUZ \r'),
('14889796', 'MOISES  REYES DUARTE\r'),
('14889813', 'ALBERTO  BETANCOURT CASTAÑO\r'),
('148900322', 'ALEXIX  CASTAÑO \r'),
('14890066', 'GUSTAVO ADOLFO CABRERA CHIWT\r'),
('14890146', 'LUIS  RODRIGUEZ RINCON\r'),
('14890246', 'REINEL JESUS RIVERA CARDENAS\r'),
('14890286', 'NORBEY  FERNANDEZ PRADO\r'),
('14890322', 'ALEXIS  CASTAÑO \r'),
('14890566', 'URIEL  DELGADO RODRIGUEZ\r'),
('14890649', 'DIEGO FERNANDO CASTRILLON GOMEZ\r'),
('14890765', 'CESAR ALVERTO GONSALEZ \r'),
('14890776', 'JUAN CARLOS BOHORQUEZ TOBAR\r'),
('14890925', 'SERGIO MARIO OSPINA GARCES\r'),
('14891022', 'JUAN ALBERTO FRANCO VARGAS\r'),
('14891085', 'LUIS ANGEL DONUSCO MARQUEZ\r'),
('14891187', 'ALVARO  ROLDAN \r'),
('14891336', 'GUSTAVO ADOLFO BUSTAMANTE ESPINOSA\r'),
('14891470', 'MAURICIO  CHAVERRA CASTILLO\r'),
('14891496', 'JORGE  BLANCO SOTO\r'),
('14891503', 'FRANCISCO JAVIER DIAZ \r'),
('14891549', 'NORVEY  CABRERA \r'),
('14891624', 'JAVIER  RUIZ \r'),
('14891636', 'JHON JAIRO PATIÑO \r'),
('14891678', 'HECTOR FABIO CARDEÑO \r'),
('14891975', 'JUAN CARLOS MORA \r'),
('14892225', 'ALVARO  CIFUENTES SANCHEZ\r'),
('14892321', 'HERMES  GALVIS \r'),
('14892322', 'DIEGO FERNANDO PRIETO PEREZ\r'),
('14892600', 'MOISES  LIBREROS PEREZ\r'),
('14892972', 'JORGE HUMBERTO VIVEROS PEREA\r'),
('14893067', 'HECTOR JULIO CRUZ \r'),
('14893105', 'OMAR ANTONIO CASTRO BOLAÑOS\r'),
('14893134', 'LUIS FERNANDO SALGADO LOPEZ\r'),
('14893179', 'PEDRO JESUS CANDAMIL PRIETO\r'),
('14893200', 'ARBEY  SANCLEMENTE AGUDELO\r'),
('14893512', 'EDGAR  NIÑO \r'),
('14893513', 'JAIRO  CAICEDO GIRON\r'),
('14893522', 'JAIME EDUARDO ARANGO BARBOSA\r'),
('14893563', 'ROBERTO ANTONIO GONZALEZ CAMPO\r'),
('14893752', 'ARTURO  SALAS \r'),
('14893808', 'CRISTIAN  FRANCO \r'),
('14893961', 'JOSE ALBERTO MONTOYA VARELA\r'),
('14894159', 'CARLOS ALBERTO POTES VIVEROS\r'),
('14894315', 'JOSE LEONARDO GONZALEZ MARIN\r'),
('14894333', 'EDGAR  REYES \r'),
('14894335', 'jOSE MODESTO RENDON BRAND\r'),
('14894400', 'JOSE LUIS PINEDA \r'),
('14894548', 'HENRRY  SUAZA \r'),
('14894633', 'CARLOS ALBERTO ARANGO MARIN\r'),
('14894734', 'RODRIGO DE JESUS MONTOYA LONDONO\r'),
('14894780', 'JOSIAS  GONZALEZ RON\r'),
('14894973', 'HAROL  CALERO RENGIFO\r'),
('14895259', 'JHON JAIRO ZAPATA CANO\r'),
('14895366', 'MARIO GERMAN LOZANO VIVAS\r'),
('14895440', 'ANIBAL  RESTREPO \r'),
('14895482', 'MAURICIO  BETANCOURT BERMUDEZ\r'),
('14895540', 'JOSE ANTONIO VALERO HERNANDEZ\r'),
('14895550', 'JOSE DUVIER ZARATE PEÑA\r'),
('14895583', 'HAROLD  OSORIO BLANCO\r'),
('14895747', 'EIMAN  FRANCO ISAZA\r'),
('14896001', 'EDGAR  BECERRA \r'),
('14896084', 'JOSE ANTONIO ROJAS HERNANDEZ\r'),
('14896194', 'GABRIEL HUMBERTO CORREA TREJOS\r'),
('14896234', 'RAUL  SALCEDO CARDONA\r'),
('14896236', 'ARLEX ANTONIO MEJIA VELEZ\r'),
('14896335', 'MARCO TULIO ARANGO SANCHEZ\r'),
('14896542', 'DIEGO FERNANDO ROA \r'),
('14896556', 'ABACUP  PEÑA \r'),
('14896652', 'LUIS FERNANDO SOTO CARTAGENA\r'),
('14896657', 'DIEGO FERNANDO PEREZ DELGADO\r'),
('14896678', 'HENRY DE JESUS CRUZ OSORIO\r'),
('14896873', 'LUIS CARLOS OSSA GARCIA\r'),
('14897144', 'JAVIER  AGUILAR \r'),
('14897174', 'JAVIER IVAN AGUIRRE \r'),
('14897191', 'LUIS HERNANDO CELIS DUARTE\r'),
('14897314', 'JULIAN  CANDAMIL PRIETO\r'),
('14897319', 'MARIO FERNANDO FONTAL SANCHEZ\r'),
('14897343', 'JOSE ALBEIRO AMADO RESTREPO\r'),
('14897474', 'ROGELIO  MARIN RIVERA\r'),
('14897558', 'JORGE IVAN BRAVO MONTERO\r'),
('14897584', 'MARIO DE JESUS RIVERA CARDONA\r'),
('14897619', 'JORGE HUMBERTO FRANCO BONILLA\r'),
('14897728', 'ROBINSON  VALENCIA ARIAS\r'),
('14897749', 'JULIAN  GARCIA OSPINA\r'),
('14897827', 'EDGAR ALBERTO GARCIA TORRES\r'),
('14897856', 'VONE  PARRA \r'),
('14897877', 'ALEXIS  CASTILLO VILLEGAS\r'),
('14897887', 'FERNANDO  JOSE BERMUDEZ\r'),
('14897916', 'WILMAN  GARCIA PLAZA\r'),
('14897941', 'JOAQUIN EMILIO HENAO CAMPIÑO\r'),
('14898067', 'CARLOS HUMBERTO PAYAN MENDOZA\r'),
('14898174', 'LUIS EDUARDO GONZALEZ CANO\r'),
('14898200', 'ALEXANDER  RAMIREZ RAMIREZ\r'),
('14898234', 'JHON JAMES RAIGOSA OCAMPO\r'),
('14898485', 'JAIR  CELIS DUARTE\r'),
('14898530', 'JHON JAIRO MONTES BOTERO\r'),
('14898546', 'TEODOMIRO  AVILA \r'),
('14898603', 'JHON JAIRO SOTO CORREA\r'),
('14898783', 'JORGE  JARAMILLO \r'),
('14898968', 'JHON JAIRO SANCHEZ \r'),
('14898975', 'DAVID  CONCHA GARCIA\r'),
('14898978', 'JOHN JAIRO SANCHEZ \r'),
('14899073', 'RAUL  ALVAREZ CAMAYO\r'),
('14899091', 'LEONARDO  JUNCA ALZATE\r'),
('14899123', 'JOSE LUIS SAENZ CASTAÑO\r'),
('14899133', 'WILMAR  VELEZ RODRIGUEZ\r'),
('14899267', 'ARGEMIRO  RESTREPO MARIN\r'),
('14899327', 'HAROLD ALBERTO BEJARANO HOLGUIN\r'),
('14899353', 'AUNUMAR  PARRA \r'),
('14899371', 'ARNULFO  BARONA VALENCIA\r'),
('14899378', 'DIEGO FERNANDO VALENCIA \r'),
('14899380', 'JORGE  BOORQUEZ \r'),
('14899417', 'MARIO  GONZALEZ RIVERA\r'),
('14899511', 'JUAN MANUEL ARIAS ESPINOSA\r'),
('14899561', 'WILMER ENRIQUE AMADO RESTREPO\r'),
('14899676', 'CARLOS HUMBERTO GIRALDO VALENCIA\r'),
('14899689', 'MANUEL  PIEDRAHITA \r'),
('14899696', 'HECTOR JAMES SALAS GIL\r'),
('14899747', 'CAMILO ALFONSO VELEZ RACINES\r'),
('14899810', 'ALEXANDER  CORTES REYES\r'),
('14899967', 'JUAN GUILLERMO POSADA GUTIERREZ\r'),
('14941760', 'ISRAEL  SANCHEZ TAMARA\r'),
('14945767', 'YESID  RUIZ \r'),
('14945894', 'WILSON  RINCON PAYOMA\r'),
('14949664', 'CARLOS ARTURO VELASQUEZ \r'),
('14953456', 'EDILBERTO  MORALES \r'),
('14956676', 'DIEGO TADEO MORENO SANTANDER\r'),
('14958521', 'CARLOS ARTURO MADRIÑAN MICOLTA\r'),
('14970302', 'SIMON  BEJARANO \r'),
('14981727', 'GUSTAVO HUMBERTO MONTOYA GUEVARA\r'),
('14987000', 'JORGE HERNANDO URIBE BEJARANO\r'),
('14987431', 'WILLIAM  MESA SALAZAR\r'),
('14990837', 'WILLIAM  TORRES \r'),
('14991985', 'GUSTAVO  SERNA PALACIO\r'),
('14995140', 'MANUEL  GODOY GUZMAN\r'),
('14999090', 'ADOLFO  SAAVEDRA SAAVEDRA\r'),
('15', 'CARLOS AGUDELO MI CASITA \r'),
('15265100', 'LUIS FREDDY BEDOYA \r'),
('15319479', 'JOSE JOAQUIN TORRES VILLEGAS\r'),
('15325716', 'EPIFANIO DE JESUS ECHAVARRIA TORRES\r'),
('15355266', 'JUAN GUILLERMO GALLEGO VASQUEZ\r'),
('15361865', 'GUSTAVO  GARCIA SUAREZ\r'),
('15379132', 'GERARDO  VARGAS DARAVIÑA\r'),
('15430322', 'FABIO LEON OCHOA RENDON\r'),
('15450484', 'NELSON DE JESUS ZAPATA PAREJA\r'),
('15526144', 'GUSTAVO DE JESUS VASQUEZ HENAO\r'),
('15528743', 'ARLES ANTONIO VASQUEZ HENAO\r'),
('15810840', 'JULIO CESAR ERASO ARCOS\r'),
('15812623', 'DIOVAN  CASTILLO CASTILLO\r'),
('15904950', 'CARLOS ALBERTO MONTEALEGRE LIZARAZO\r'),
('15950794', 'JOSE WILLIAM ALVAREZ CARDONA\r'),
('15959996', 'FRANCISCO JAVIER LONDOÑO CARMONA\r'),
('16', 'WILDER  WILDER \r'),
('16107896', 'JAVIER ANTONIO SENCIAL ROMERO\r'),
('16215155', 'HECTOR RAMIRO GUZMAN ARISTIZABAL\r'),
('16218643', 'EDGAR ANTONIO RENGIFO FRANCO\r'),
('16218859', 'WALTER DE JESUS VANEGAS CASTRILLON\r'),
('16235953', 'ARMANDO  TORRES TORO\r'),
('16244109', 'GERARDO IVAN ARCE \r'),
('16253165', 'JAIME DE JESUS HOYOS ARANGO\r'),
('16254540', 'CARLOS ARTURO BELTRAN \r'),
('16255323', 'JUAN ANTONIO SALAZAR VASQUEZ\r'),
('16257224', 'JORGE URIEL VALENCIA MONTES\r'),
('16259051', 'MICHAEL GUNTER HETZ THIELE\r'),
('16262602', 'GUILLERMO LEON GONZALEZ MORENO\r'),
('16269971', 'JUAN MANUEL ESPITIA LLOREDA\r'),
('16274250', 'RIGOBERTO  OSPINA DURAN\r'),
('16274570', 'JOSE DE JESUS MEJIA JARAMILLO\r'),
('16275260', 'JAMES  MONTOYA \r'),
('16276578', 'GABRIEL  CORTEZ USQUIANO\r'),
('16278346', 'LUIS MARIO RODRIGUEZ VALENCIA\r'),
('16279315', 'JORGE ELIECER ZAPATA ALVAREZ\r'),
('16286672', 'GUSTAVO  PISARRO \r'),
('16289453', 'ALVARO JOSE BOTERO GARCIA\r'),
('16342737', 'ADOLFO  CUELLAR RAMIREZ\r'),
('16344891', 'CARLOS HUMBERTO GUAPACHA ACEVEDO\r'),
('16346220', 'ESNORALDO  MENDOZA \r'),
('16349184', 'RAFAEL ANTONIO VARGAS PINEDA\r'),
('16350850', 'FRANCISCO JAVIER MORALES DOMINGUEZ\r'),
('16351266', 'JUAN FRANCISCO JARAMILLO TASCON\r'),
('16352351', 'HECTOR MARIO CORREA RESTREPO\r'),
('16355149', 'ELIDER  MUÑOZ JARAMILLO\r'),
('16355372', 'ORLANDO  SERNA FRANCO\r'),
('16356919', 'JORGE ALFREDO MOLINA \r'),
('16359589', 'JUAN CARLOS CAICEDO SALAZAR\r'),
('16361782', 'EDINSON  LADINO GRAJALES\r'),
('16361895', 'LIBARDO  ECHAVARIA \r'),
('16363753', 'CARLOS ALBERTO OSORIO \r'),
('16365180', 'GONZALO  SIERRA SILVA\r'),
('16366972', 'ANDRES ALBERTO ESCOBAR CRUZ\r'),
('16367692', 'JORGE ELICER LA TORRE MORENO\r'),
('16369003', 'JOSE DALAVIER BELTRAN VELASCO\r'),
('16449190', 'JORGE LUIS HERRERA PUCCINI\r'),
('16449261', 'ARISTIDES  MERA ARIZA\r'),
('16449669', 'HECTOR FABIO BEJARANO CARDONA\r'),
('16455193', 'GENARO  SIERRA PARDO\r'),
('16462183', 'JHON JAIRO DURAN \r'),
('16463597', 'RICARDO ANDRES ALZATE AGUDELO\r'),
('16497719', 'OSCAR HUMBERTO RESTREPO \r'),
('16529173', 'RICHARD  MARTINEZ \r'),
('16540551', 'CARLOS ALBERTO GONZALEZ \r'),
('16550388', 'PASTOR EDINSON VALENCIA MOLINA\r'),
('16550724', 'NESTOR RAUL MARMOLEJO GARCIA\r'),
('16553216', 'HERNAN MAURICIO RAMIREZ CASTRO\r'),
('16585746', 'JORGE  MARTINEZ \r'),
('16595883', 'ALEJANDRO  ARCE CUERVO\r'),
('16602388', 'CRISTOBAL  GIRALDO MERA\r'),
('16606383', 'EMILIO  FLOREZ MURILLO\r'),
('16610592', 'ARCADIO DE JESUS LOZANO RIVERA\r'),
('16616053', 'CARLOS HUMBERTO CAICEDO GUTIERREZ\r'),
('16624037', 'FREDY  ARANGO RUIZ\r'),
('16630744', 'CARLOS ALBERTO SAA MADRIÑAN\r'),
('16635630', 'DIEGO  OSORIO MONTEALEGRE\r'),
('16638026', 'RENE  GONZALEZ ARANGO\r'),
('16657652', 'JUAN CARLOS SAA CASASFRANCO\r'),
('16659212', 'JOSE CELIO FAJARDO \r'),
('16663327', 'HERNAN DE JESUS CARDONA RENDON\r'),
('16670578', 'JIMMY HALMET GIRALDO OROZCO\r'),
('16671357', 'CARLOS HUMBERTO PIERROTTI RINCON\r'),
('16674529', 'HAROLD HUMBERTO ALZATE TEJADA\r'),
('16674743', 'FERNANDO  JARAMILLO MERINO\r'),
('16686569', 'ORLANDO  CASTILLO \r'),
('16698705', 'EDGAR  DELGADO \r'),
('16699362', 'JOSE WILLIAN ISAACS MURILLO\r'),
('16708149', 'ALBEIRO  RAMIREZ \r'),
('16709343', 'GUSTAVO ADOLFO DIAZ ZUÑIGA\r'),
('16718724', 'DAVID ALONSO OSORIO JURADO\r'),
('16736503', 'RICARDO  MAYA ARIAS\r'),
('16740625', 'JUAN CARLOS HERRERA SAUCEDO\r'),
('16748418', 'JAIME ANDRES GONZALEZ BONILLA\r'),
('16759458', 'JOSE ANTONIO ALZATE \r'),
('16762914', 'JIMMY ALEXIS ESPINOSA RIOS\r'),
('16769451', 'OSCAR FERNANDO VILLEGAS CASTRO\r'),
('16771323', 'ABEL ANTONIO VALENCIA TASCON\r'),
('16782624', 'JOHN FERNANDO MURILLO RUSYNKE\r'),
('16787170', 'DIEGO FERNANDO OSPINA SERNA\r'),
('16795048', 'LEONARDO ARTURO GAMBA MORALES\r'),
('16804268', 'FABIANY  DIAZ VARGAS\r'),
('16820250', 'GUILLERMO  LONDOÑO ACOSTA\r'),
('16821557', 'LUIS MIGUEL ALVAREZ ARCE\r'),
('16822665', 'LUIS ALBERTO ARANGO ATEHORTUA\r'),
('16823732', 'LUIS EDUARDO OREJUELA COLLAZOS\r'),
('16826299', 'EVER  CHACON RIVERA\r'),
('16834948', 'MIGUEL HERNAN ERAZO MARTINEZ\r'),
('16837117', 'RAMIRO  GUTIERREZ \r'),
('16838104', 'EDGAR JAIR MONTERO MARTINEZ\r'),
('16839245', 'EGIDIO ESTEBAN SOSSA CARDONA\r'),
('16846396', 'HUBERLEY  OCORO \r'),
('16857901', 'LEONIDAS  DIAZ VALENCIA\r'),
('16859061', 'EDWAR FERNANDO OSORIO VIVAS\r'),
('16866225', 'HERMES  PALACIOS \r'),
('16885161', 'EDUAR  MENDOZA GRAJALES\r'),
('16890606', 'JORGE OMAR BALANTA CHAVEZ\r'),
('17', 'RISARALDA RENE MI CASITA \r'),
('17076553', 'JOSE DANILO SANTAMARIA CIFUENTES\r'),
('17085077', 'JORGE HUMBERTO ORTIZ MONTOYA\r'),
('17129570', 'JOSE GERARDO COLLANTES BARBOSA\r'),
('17153181', 'ALBERTO ENRIQUE CHAPARRO \r'),
('17281195', 'FARID  BARON \r'),
('17346184', 'FRANCISCO  OSPINA \r'),
('17588534', 'JAIME  PEREA GOMEZ\r'),
('17645554', 'MARCO LUIS LOPEZ GONZALES\r'),
('17654351', 'ORLEY  QUIÑONEZ CUENCA\r'),
('17655584', 'DIEGO GERMAN BARBOSA \r'),
('17659450', 'LUIS CARLOS BECERRA VASQUEZ\r'),
('18', 'EL VAQUERO LA VICTORIA MI CASITA \r'),
('18107517', 'HUGO  CHIMBACO MURCIA\r'),
('18389212', 'OSCAR  MANJARREZ \r'),
('18392183', 'JAIRO JOSE TORRES SAAVEDRA\r'),
('18403111', 'ANDRES FABIAN GARIBELLO MARTINEZ\r'),
('18415918', 'LUIS FERNANDO CAJAS \r'),
('18438216', 'RICHARD SMITH MENDOZA AGUAERO\r'),
('18467782', 'JORGE ALEJANDRO URREA \r'),
('18531899', 'ELVER DE JESUS CAMACHO BETANCOURT\r'),
('18560364', 'HUMBERTO DE JESUS CORREA BETANCOURT\r'),
('18595128', 'EDUARDO  CUESTA LOPEZ\r'),
('18600776', 'FRANKLIN  CARMONA LASSO\r'),
('18604414', 'FERNANDO  SALINAS OCAMPO\r'),
('18610766', 'JULIAN ANDRES PALACIOS VELEZ\r'),
('18758305', 'REIBEL ROSELIANO HERRERA HERNANDEZ\r'),
('19', 'VICTORIA GARCIA MI CASITA ROLDANILLO\r'),
('1901602', 'JORGE  GARCIA \r'),
('19105772', 'VICTOR MANUEL BARACALDO \r'),
('19138669', 'HAROLD  ABADIA CAMPO\r'),
('19197289', 'PEDRO ENRIQUE SERRANO TRIANA\r'),
('19270876', 'LUIS ENRIQUE GRILLO BAUTISTA\r'),
('19299077', 'JESUS  GUTIERREZ \r'),
('19454725', 'CARLOS HUMBERTO MONROY GOMEZ\r'),
('2', 'SALAMINA VALENTINA CARDONA MI CASITA \r'),
('20', 'FERREAGRO  MI CASITA \r'),
('20512468', 'EFRAIN  MARTINEZ \r'),
('20699993', 'OLGA ISABEL CURREA ARIZA\r'),
('20942329', 'MARCELA  ROJAS BERNAL\r'),
('20985954', 'JENNY JULIET RAMOS GOMEZ\r'),
('21', 'ALBEIRO  RIO FRIO \r'),
('21481183', 'MARLENY  GIRALDO GOMEZ\r'),
('22', 'AVICOLA  PIAMONTE \r'),
('22153591', 'MARIELA  RAMIREZ DE RAMIREZ\r'),
('22215790', 'CAMILA MARIA QUINTERO LONDOÑO\r'),
('23', 'VIRLEY  CARDENAS EL DOVIO\r'),
('24', 'LUIS EVELIO CARDOZO MI CASITA\r'),
('2401484', 'CARLOS ALONSO GUZMAN VARONA\r'),
('24414285', 'YUBERNY  PULGARIN CORRALES\r'),
('24499159', 'ELENID  GONZALEZ ZAMORA\r'),
('24537465', 'BLANCA OLIVA MARTINEZ \r'),
('24547660', 'MARIA ROSALBA PALACIO GONZALEZ\r'),
('24558654', 'NOE ABRAHAM VIEZ LOPEZ\r'),
('24582392', 'MARIA FLORINDA MANQUILLO \r'),
('24605151', 'ALBA LUCIA GARCIA GONZALEZ\r'),
('24724923', 'ANA RUBI GOMEZ VELASQUEZ\r'),
('2474661', 'JUAN CARLOS OSPINA AMAYA\r'),
('2486772', 'JAIME  GOMEZ RESTREPO\r'),
('25', 'CARLOS ENRIQUE PONCE-MICASITA \r'),
('2502416', 'MARIO GERMAN MORENO ALVAREZ\r'),
('25101623', 'ISABEL ALEXANDRA PELAEZ LONDOÑO\r'),
('2512546', 'LUIS ISRAEL CASTELLANOS CHAPARRO\r'),
('2512559', 'JOSE ERIBERTO ARREDONDO GRANADA\r'),
('25136067', 'LUCIA  QUINTERO HERNANDEZ\r'),
('25156643', 'MARTA ISABEL ECHEVERRY POSADA\r'),
('2517700', 'ANGEL MAURILIO VILLARREAL FAJARDO\r'),
('2518056', 'JUAN DE DIOS RIOS HENAO\r'),
('2518076', 'JUAN DE DIOS RIOS HENAO\r'),
('25285049', 'JANETH  CORRALES PARRA\r'),
('25298154', 'MARLENY  QUINAYAS \r'),
('25520040', 'ALDEMAR  VARGAS \r'),
('25556854', 'ESNEDA  VELASCO CARVAJAL\r'),
('25561600', 'LUDIA MARITZA CARDOZO ARTEAGA\r'),
('2569418', 'MANUEL DE JESUS CARDONA \r'),
('2569916', 'DARIO  DOMINGUEZ VELEZ\r'),
('2570132', 'RAFAEL  BEDOYA NUÑEZ\r'),
('2570176', 'MANUEL  RUDAS \r'),
('2570609', 'JORGE ELIECER MORENO LOAIZA\r'),
('2570618', 'JESUS EDUARDO CARDENAS CARDENAS\r'),
('2570971', 'HECTOR FABIO CONCHA \r'),
('2571415', 'GUILLERMO LEON BONILLA CIFUENTES\r'),
('2571487', 'EDINSON  CRUZ ESCOBAR\r'),
('2571764', 'JULIO CESAR CRUZ ESCOBAR\r'),
('25954419', 'ALFONSO JOSE AULAR MACHADO\r'),
('26', 'ANSERMA CDS MI CASITA   \r'),
('2631175', 'FERNANDO ANTONIO TABORDA BOLIVAR\r'),
('2631337', 'JOSE ENECIDELMO BERNAL DAVILA\r'),
('2631407', 'LEONEL ARTURO PEDROZA GUTIERREZ\r'),
('2631509', 'AQUILES  GUTIERREZ CAMELO\r'),
('2631534', 'ORLANDO  GOMEZ \r'),
('2631540', 'CIPRIANO  LOPEZ OSORIO\r'),
('2631592', 'CARLOS PORFIRIO OSPINA VALENCIA\r'),
('2631751', 'ARLEY  GARCIA ZUÑIGA\r'),
('26520545', 'CARMEN LIGIA LEDESMA DE GOMEZ\r'),
('2659735', 'ALBERTO  TABARES \r'),
('2676961', 'MARINO  GOMEZ PINILLA\r'),
('2677140', 'JOSE WILLIAM ZULUAGA NAVARRO\r'),
('2677389', 'ALVARO  MARTINEZ GRISALES\r'),
('2679247', 'ARNUBIO  RINCON VARON\r'),
('26900745', 'VICTOR  RIZO CASTILLO\r'),
('2690616', 'JOSE  ORTIZ \r'),
('2690999', 'FERNEY ARCE GARCIA \r'),
('2691062', 'JOSE IGNACIO GUERRERO COBO\r'),
('27', 'JORGE ELICER CARDONA SALAMINA\r'),
('27082019', 'LUZ NIDIA NIÑO BOTERO\r'),
('2708238', 'LUIS ALFREDO TUMBAJOY \r'),
('27185820', 'LUZ DARY SOLARTE \r'),
('27303074', 'PATRICIA EDILMA VALLEJOS RODRIGUEZ\r'),
('2730562', 'HECTOR EMILIO DE JESUS ALVAREZ MORENO\r'),
('2730691', 'ADOLFO  CAMPO \r'),
('27436431', 'YOANA MARICEL RAMOS CABRERA\r'),
('28', 'DIEGO ALBERTO LOPEZ \r'),
('28798706', 'SANDRA MILENA SUAREZ FERREIRA\r'),
('29', 'OSCAR  ECHEVERRI BUITRAGO\r'),
('29119284', 'LUZ MARINA SALAZAR \r'),
('29135373', 'RIGOBERTO  CORREDOR \r'),
('29178920', 'JACKELINE  TAPASCO MUÑOZ\r'),
('29201930', 'MARIA NORALBA TORO \r'),
('29271574', 'LUZ MARY BLANCO \r'),
('29277705', 'ALBA ESNEDA SANCHEZ \r'),
('29278677', 'CRISTOBALINA  FONSECA PEREA\r'),
('29279804', 'ALBA MARIA QUINTERO VILLA\r'),
('29282812', 'CIELO LAURA MIREYA CRUZ CRUZ\r'),
('29283059', 'OLGA  GALLARDO DE ARAGON\r'),
('29283126', 'AMPARO  MARIN \r'),
('29283323', 'MARIA NELLY GALLEGO ECHEVERRY\r'),
('29283378', 'MARTHA CECILIA HOLGUIN DE BEJARANO\r'),
('29283772', 'LUZ MARIA DIAZ MENDEZ\r'),
('29283993', 'LIBIA  PLAZA \r'),
('29284470', 'ANA  CARTAGENA \r'),
('29284487', 'PAOLA ANDREA SANCHEZ \r'),
('29284587', 'LUZ KENNY ROJAS TRIANA\r'),
('2928480', 'OLGA  VELEZ \r'),
('29285038', 'DIANA MARCELA GUTIERREZ RIVERA\r'),
('29285242', 'MONICA  RUIZ \r'),
('29285478', 'ADRIANA MARIA GIRALDO PEREZ\r'),
('29285629', 'SANDRA VIVIANA OSPINA TORRES\r'),
('29286536', 'NORALBA  GARCIA RIVERA\r'),
('29286554', 'ELISA  POVEDA PEREIRA\r'),
('29286814', 'LUZ AYDE DOMINGUEZ \r'),
('29287061', 'MARIA NORBY CORREA LUJAN\r'),
('29287580', 'YAMILETH  SANCHEZ HURTADO\r'),
('29287731', 'ANA MARIA SANCHEZ TAZCON\r'),
('29287858', 'ISABEL CRISTINA BALTAN \r'),
('29288548', 'LUZ ELENA CASTAÑO SANCHEZ\r'),
('29291151', 'ROSA MELIDA RESTREPO \r'),
('29291180', 'LILIA  GALLEGO RAMOS\r'),
('29291244', 'NORA  BARON SANNA\r'),
('29291306', 'MARIA ESPERANZA ALVAREZ ACEVEDO\r'),
('29291333', 'LUZ MILA GOMEZ GAÑAN\r'),
('29291359', 'MARIA BERTHA BENITEZ \r'),
('29291426', 'MARTHA LILIANA SALAZAR GALVIS\r'),
('29291431', 'CARMEN ROSA QUINTERO \r'),
('29291435', 'LUZ  PEREZ \r'),
('29292411', 'MARIA LUZ MILA ISAZA \r'),
('29294588', 'MARIA ESPERANZA GONZALES \r'),
('29294632', 'LUZ PIEDAD RODRIGUEZ \r'),
('29296340', 'LIBRADA  SEPULVEDA DE TORRES\r'),
('29296366', 'FLOR  WILCHES \r'),
('29296403', 'FERNANDA  CONDE GARCIA\r'),
('29300332', 'MARIA ELENA DUARTE ESPINEL\r'),
('29309891', 'FRANCY LORENA MONDRAGON \r'),
('29347453', 'BEATRIZ  QUICENO \r'),
('294317166', 'LAURA  BEDOYA \r'),
('29434077', 'ESNEDA  CALDERON MONTENEGRO\r'),
('29434263', 'ROSMIRA  GARCIA \r'),
('29434503', 'ALBA LUCIA CALDERON MONTENEGRO\r'),
('29434798', 'JAHAIDAMI  BARRIOS BENAVIDES\r'),
('29435305', 'ROSARIO MARGARITA VALDEZ VIVEROS\r'),
('29436445', 'PAOLA JHOANA PANTOJA \r'),
('29480314', 'MARIA ELENA CUBILLOS \r'),
('29501673', 'MARITZA  HIDALGO \r'),
('29538584', 'MIRIAN  DUQUE \r'),
('29541527', 'CLAUDIA XIMENA MURILLAS RODRIGUEZ\r'),
('29541858', 'AIDA SELENE SAAVEDRA MELO\r'),
('29542207', 'ROSALBA  AGUDELO ARICAPA\r'),
('29543235', 'OLGA LUCIA ORTIZ GARCIA\r'),
('29543806', 'LORENA  AGUDELO OSORNO\r'),
('29543881', 'PAOLA ANDREA ESCOBAR \r'),
('29544442', 'JEIMI VIVIANA ALVARADO FIGUEROA\r'),
('29544905', 'MARY LUZ AGUDELO OSORNO\r'),
('29549560', 'FANERY  DOMINGUEZ RODRIGUEZ\r'),
('29549901', 'YULI ANDREA FORRERO \r'),
('29555182', 'ALBA  HURTADO \r'),
('29557483', 'FLOR DE MARIA ECHEVERRI \r'),
('29563407', 'AURA ELICIA EPE \r'),
('29622088', 'NUBIA  VELEZ CARDONA\r'),
('29658252', 'GREDIS STELLA MONSALVE CARDONA\r'),
('29671320', 'MARIA ADRIANA CUADROS FERRO\r'),
('29673677', 'MAYERLING  TUTANCHA TRUJILLO\r'),
('29738644', 'ALEYDA GARZON DE CARDONA \r'),
('29739530', 'MAGNOLIA  MONTES QUINTERO\r'),
('29741325', 'MARIA EDNA GARCIA CIFUENTES\r'),
('29741375', 'ESPERANZA  OROZCO SARRIA\r'),
('29742873', 'MAGDELEINE  BARRERA MILLAN\r'),
('29758948', 'LILIA  MONSALVE DE CALVO\r'),
('29783580', 'IRMA  HERNANDEZ DE MONTOYA\r'),
('29785059', 'CARMEN ROSA PARRA HEREDIA\r'),
('29785760', 'GLADYS LILIANA PARDO VARON\r'),
('29794584', 'LUZ MARINA OCAMPO GUARIN\r'),
('29794829', 'BLANCA LIBIA PARDO VARON\r'),
('29808968', 'MARIA NANCY LOPEZ \r'),
('29817356', 'LUZ DARY QUIROZ RESTREPO\r'),
('29818228', 'ROMELIA  LLANOS \r'),
('29841691', 'BELEN  VIDAL SANCHEZ\r'),
('29863729', 'CARMELINA  GONZALEZ DE GONZALEZ\r'),
('29875744', 'LUCIA  AMORTEGUI VANEGAS\r'),
('29876964', 'ANGELA MARIA MONTOYA DOMINGUEZ\r'),
('29877271', 'MARTHA CECILIA GALVEZ MONTOYA\r'),
('29877617', 'ADRIANA MARIA CALDERON MONTENEGRO\r'),
('29882345', 'ADIELA  ORTIZ LEON\r'),
('29925809', 'LUZ MARINA CASTAÑO \r'),
('29950612', 'AMELIA  GIRON \r'),
('29950634', 'MIRIAM  TRIANA \r'),
('29951359', 'CONSUELO  SANCHEZ ALEGRIAS\r'),
('29952100', 'DIANA LISBETH MUÑOZ DIAZ\r'),
('29952234', 'ROSARIO  RAMIREZ MORENO\r'),
('29952474', 'GLORIA PATRICIA CORDOBA REINA\r'),
('29952529', 'BLANCA  MUÑOS MORA\r'),
('29952857', 'JHOANA  FERNANDEZ \r'),
('29952961', 'CLAUDIA LILIANA NARANJO PATIÑO\r'),
('29952969', 'ANGELA JURIANI BERMUDEZ ORDOÑEZ\r'),
('29959121', 'ESPERANZA  DARAVIÑA \r'),
('29961196', 'ADIELA  SANCHEZ GONZALEZ\r'),
('29963289', 'MARIA EUCARIS VIERA \r'),
('29963295', 'ALEYDA  ORDOÑEZ BERMUDEZ\r'),
('29965305', 'CARMEN EMILIA ESCOBAR \r'),
('29965319', 'MARIA ILDARA BOCANEGRA ROLDAN\r'),
('29965334', 'GLORIA  ROJAS \r'),
('29965365', 'ARACELY  VARONA VIERA\r'),
('3', 'LUZ ALVERY BELALCAZAR MI CASITA \r'),
('30', 'DIEGO AMAYA SALAMINA MI CASITA\r'),
('3006172', 'MAGIL  RUSINGUE \r'),
('3017663', 'OSCAR MAURICIO TORRES VARELA\r'),
('3023018', 'MANUEL ARMANDO JARA GARAY\r'),
('31', 'ALEXANDRA PELAEZ LONDOÑO SALAMINA\r'),
('3100647', 'LUIS ALBERTO JIMENEZ GUERRERO\r'),
('31071105', 'AMPARO  GOMEZ OROZCO\r'),
('31146190', 'BENEDITA  BRAVO \r'),
('31186290', 'LEIDA MARY ROJAS JARAMILLO\r'),
('31189472', 'CONSUELO  DURANGO VARGAS\r'),
('31201592', 'DIANA  TEJADA \r'),
('31212898', 'CRUZ ELENA VASQUEZ RESTREPO\r'),
('31237231', 'ROCIO  CALERO DE LA PAVA\r'),
('31241898', 'MARLENY  RAMIREZ MEJIA\r'),
('31269235', 'FABIOLA  MORENO LOZANO\r'),
('31296766', 'SILVIA PATRICIA LOPEZ MARMOLEJO\r'),
('31303372', 'LUZ MARINA LOZADA VIERA\r'),
('31382544', 'NANCY  PORTOCARRERO CAICEDO\r'),
('31420494', 'SANDRA LILIETH LOPEZ RODAS\r'),
('31479113', 'MARIA CRISTINA OROZCO ARENAS\r'),
('31486288', 'ANGELA MARIA TAMAYO GARCIA\r'),
('31487122', 'ISABEL CRISTINA GARCIA RENGIFO\r'),
('31583420', 'SIRLENA  PINZON GUZMAN\r'),
('31640186', 'MARICELLA  DIAZ HOYOS\r'),
('31641344', 'GEIDI  SOTO VELEZ\r'),
('31641762', 'JULEINS  VELEZ JARAMILLO\r'),
('31642055', 'NORA EMILSE HERNANDEZ ALVAREZ\r'),
('31642164', 'ELVIA PATRICIA HOYOS \r'),
('31642208', 'CLAUDIA PATRICIA LOPEZ VALENCIA\r'),
('31642239', 'TANNIA  CARTAGENA \r'),
('31642490', 'SANDRA PATRICIA NIETO RESTREPO\r'),
('31642501', 'AIDE  DELGADO ARIAS\r'),
('31642725', 'ALBA LUCIA GALLEGO \r'),
('31642826', 'SHIRLEY  MARIN CARDONA\r'),
('31643620', 'AURA ANGELICA PEREZ CASTRILLON\r'),
('31643892', 'MARIA CLAUDIA CEBALLOS \r'),
('31643939', 'PAOLA ANDREA ARENAS FRANCO\r'),
('31643950', 'BRILLINE  MEJIA HENAO\r'),
('31644368', 'BLANCA INES LIZARAZO HERNANDEZ\r'),
('31644386', 'FLOR DE MARIA RAMIREZ \r'),
('31644458', 'ANA MARIA SALGADO \r'),
('31644463', 'CAROLINA  GONZALES SALAZAR\r'),
('31644484', 'BLANCA LIBIA MENESES FLOREZ\r'),
('31650032', 'MARIA EDILMA ZAPATA \r'),
('31655022', 'ANA MARIA VALDES MUÑOZ\r'),
('31655450', 'LUZ ADRIANA JIMENEZ \r'),
('31656011', 'ANGELA MARIA MUNAR PELAEZ\r'),
('31656111', 'MONICA  HERRERA \r'),
('31656183', 'CARMEN ROSA OSPINA TORRES\r'),
('31656215', 'ERLY JOHANNA GIRALDO VELASQUEZ\r'),
('31656264', 'ANGELICA YULIE TENECHE BORRERO\r'),
('31657058', 'JHOANNA  PEÑA ARENAS\r'),
('31657523', 'YULI ANDREA GIRON \r'),
('31657576', 'ANA MILENA QUIRAMA VILLADA\r'),
('31658553', 'ANGELA MARCELA NAVARRO CASTRO\r'),
('31658614', 'JENIFFER BRISSALLEE BOTERO GONZALEZ\r'),
('31785109', 'ELENITH  VALENCIA RAMIREZ\r'),
('31791400', 'LUZ NEYI ACEVEDO \r'),
('31793497', 'MARIA JULIETA ARANA ORREGO\r'),
('31810874', 'MARIA CECILIA CHAVES GUTIERREZ\r'),
('31861590', 'LILIANA  GRAJALES BARRERA\r'),
('31871990', 'AMANDA  RIOS MOLINA\r'),
('31874649', 'LUZ MIRIAN HENAO \r'),
('318804', 'JON  MAYNUSSON \r'),
('31888137', 'GLADYS  SANCHEZ MOJICA\r'),
('31910784', 'NANCY FABIOLA HIDALGO VALLEJO\r'),
('31921502', 'SONIA  RIOS GARCIA\r'),
('31978755', 'GLORIA CECILIA MARTINEZ COLORADO\r'),
('32', 'RICARDO MILLAN MI CASITA \r'),
('3208562', 'JORGE  VARGAS SEGURA\r'),
('33', 'GILBERTO ARREDONDO MI CASITA \r'),
('34', 'NESTOR YESID PARRA PROVIMI \r'),
('34051122', 'LUZ AMPARO OROZCO DE TAMAYO\r'),
('34371123', 'ANA  SANCHEZ \r'),
('34857799', 'JULIAN  GARCIA \r'),
('3501120', 'JUAQUIN  MONTOYA \r'),
('3510578', 'HECTOR ENRIQUE REYES \r'),
('35264330', 'GLADIS  SANCHEZ FIERRO\r'),
('359202', 'JOSE EDUARDO SALINAS DIAZ\r'),
('36', 'GONZALO  ARCILA PROVIMI \r'),
('36152161', 'BLANCA LIBIA BEDOYA \r'),
('36379758', 'DIANA PATRICIA GOMEZ LEDESMA\r'),
('36751556', 'VILMA DEL CARMEN YAQUENO YAQUENO\r'),
('36861894', 'DIANA CAROLINA REVELO ORTEGA\r'),
('36932735', 'HILDA MARIELA MORA CERON\r'),
('37', 'CAMILO ALFONSO VELEZ RACINES\r'),
('37004628', 'DORA ELIZABETH SALAZAR \r'),
('37752609', 'CAROLINA  SOLANO LEAL\r'),
('38225788', 'AMPARO  PIEDRAHITA DE CUBILLOS\r'),
('38438713', 'YOLANDA SANCHEZ AGREDO \r'),
('38438900', 'MARTHA LUCIA NARANJO HIGUITA\r'),
('38601634', 'LINA ANDREA BRAVO CARDONA\r'),
('38644921', 'DIANA CAROLINA LEON CORDOBA\r'),
('38745023', 'EFIGENIA  PAREJA GIRALDO\r'),
('38750229', 'LUZ MARGARITA VALLEJO \r'),
('38790159', 'ANA CRISTINA MEDINA GRISALES\r'),
('38794499', 'DANNY DURFAY DURAN PELAEZ\r'),
('38795613', 'JENNY  MONTAÑO PASIMINIO\r'),
('38800053', 'ADELA  PEÑA \r'),
('38850319', 'CECILIA  SANTOS \r'),
('38850405', 'MARIA DULMARY ANGARITA DE SANDOVAL\r'),
('38850800', 'MARIA RUBIELA COY TROCHEZ\r'),
('38851176', 'RUBIELA  VASQUEZ DE VELASQUEZ\r'),
('38852242', 'OLIVA  SANCHEZ VALENCIA\r'),
('38852759', 'SANDRA ELENA CARBONELL PIEDRAHITA\r'),
('38853417', 'BLANCA ALIRIA RODAS RESTREPO\r'),
('38854232', 'BLANCA  MARTINEZ \r'),
('38854345', 'BLANCA HELENA CABRERA MENDOZA\r'),
('38854621', 'LIGIA  GONZALEZ MENESES\r'),
('38855147', 'YULIETH INES DELGADO DE JARAMILLO\r'),
('38855197', 'LUZ DARY MARTINEZ \r'),
('38855418', 'OFELIA  PIÑARETE GARAVITO\r'),
('38856007', 'LIGIA AMPARO POSADA \r'),
('38856555', 'CLARA INES ARENAS MARIN\r'),
('38856722', 'MARTHA  CHICA \r'),
('38857762', 'LUZ EMELIA OZORNO \r'),
('38857801', 'YOLANDA  SANNA LOAIZA\r'),
('38858521', 'NUVIA JANETH PLAZA RIVAS\r'),
('38858537', 'ELIZABETH  PERLAZA \r'),
('38859964', 'AMPARO  HOWENS DE DOMINGUEZ\r'),
('38860567', 'ARACELLY  GARCIA VELASQUEZ\r'),
('38861076', 'YOLANDA  BLANCO \r'),
('38862325', 'JEANNETTE  DEDIEGO JARAMILLO\r'),
('38862372', 'MARIA TERESA BARBOSA \r'),
('38863064', 'LILIANA  TIRADO ARISTIZABAL\r'),
('38863070', 'ANA FRANQUI PAREDES \r'),
('38864004', 'LUZ STELLA DAZA SEDAS\r'),
('38864163', 'LUZ MARINA PEREZ CASTRILLON\r'),
('38864492', 'MARIA TERESA CARDONA TORO\r'),
('38864770', 'ZORAIDA  QUINTERO HENAO\r'),
('38865493', 'GLORIA NANCY MARIN \r'),
('38865726', 'MARIA ISABEL CALERO ROLDAN\r'),
('38866803', 'PATRICIA  CORRALES ARIAS\r'),
('38866914', 'MARIA LUDILIA TORRES \r'),
('38867485', 'RUBIELA  HOLGUIN \r'),
('38867889', 'ROSALBA  GONZALEZ MENESES\r'),
('38867919', 'OFIR  JARAMILLO SANCHEZ\r'),
('38867946', 'SILVIA MARIA CANIZALES MENDEZ\r'),
('38870251', 'LILIANA DUQUE COBO \r'),
('38870383', 'ARACELI  GIL ARENAS\r'),
('38870393', 'MIRIAM  ORTIZ VARGAS\r'),
('38870817', 'ELIZABETH  FLOREZ TENORIO\r'),
('38870823', 'CLAUDIA CARLINA URDINOLA RODRIGUEZ\r'),
('38871104', 'ALBA RUTH ZABALA CARDONA\r'),
('38871148', 'ALBA LUCY OSORIO NAVARRETE\r'),
('38871615', 'LAURA CRISTINA SERNA RODRIGUEZ\r'),
('38871675', 'SANDRA STELLA ORTEGA MARIN\r'),
('38871940', 'BLANCA BEATRIZ RODRIGUEZ MUÑOZ\r'),
('38872175', 'LUZ DARY LEDESMA \r'),
('38872361', 'MARLENE  VALDERRAMA RAMIREZ\r'),
('38872371', 'ADRIANA  MEDINA ESCOBAR\r'),
('38872379', 'MARIA LIBIA ALZATE GRAJALES\r'),
('38872742', 'GRACIELA  GRISALES MORALES\r'),
('38872808', 'MARIA SOLEDAD RENGIFO PARRA\r'),
('38872926', 'ALEXANDRA  LIBREROS PEREZ\r'),
('38873851', 'LUZ DERLY ROJAS MIRA\r'),
('38874063', 'NORA  NAVARRO ESQUIBEL\r'),
('38874209', 'MARISOL  CUELLAR VELANDIA\r'),
('38874352', 'ZULMA MALLONY CASTAÑO MARIN\r'),
('38874516', 'DEYANIRA  CARDEÑO \r'),
('38874887', 'YOLANDA  GUTIERREZ BLANCO\r'),
('38875089', 'MARIA FERNANDA CASTAÑEDA NARANJO\r'),
('38875289', 'RAQUEL  SEPEDA FERNANDEZ\r'),
('38875730', 'OLGA LILIANA ROA TORRES\r'),
('38876085', 'ELBA MILENA ESPEJO HURTADO\r'),
('38876308', 'YAQUELINE  MORALES LOZANO\r'),
('38876575', 'TERESA DE JESUS RUBIANO BERMUDEZ\r'),
('38877267', 'MARIA EUGENIA COLORADO \r'),
('38877967', 'YAMILED  TULANDE PINEDA\r'),
('38878268', 'JAQUELINE  TEJADA MORENO\r'),
('38878763', 'CLAUDIA TERESA CRUZ BEDOYA\r'),
('38878930', 'CALUDIA FERNANDA AGUILAR POSADA\r'),
('38879434', 'MAGOLA DEL SOCORRO RIASCOS \r'),
('38879615', 'BLANCA NUVIA RODRIGUEZ \r'),
('38879674', 'SANDRA MILENA RICO \r'),
('38879817', 'CLAUDIA BEATRIZ BURITICA BEDOYA\r'),
('38879938', 'SANDRA  MONTAÑO \r'),
('38940073', 'NILIA TEREZA BIOJO CORTES\r'),
('39307245', 'NELLY  RUIZ \r'),
('39313233', 'MARCIA STELLA PLAZA PEREIRA\r'),
('39763303', 'DIANA IVONNE PARRA RINCON\r'),
('4', 'VITERBO  MI CASITA \r'),
('40011637', 'ANTONIO  BERJILLO GALLEGO\r'),
('40610206', 'ERIKA LORENA ALVAREZ CORTES\r'),
('40768781', 'MARYLUZ  TOVAR DIAZ\r'),
('41213730', 'DELFI  SANCHEZ \r'),
('41671036', 'MELBA  GARCIA SOTO\r'),
('41702233', 'CARMEN JULIA QUIROGA SUAREZ\r'),
('41886932', 'GLORIA AMPARO ANAYA PALACIO\r'),
('42022072', 'MARIA GISELLE CASTRO VALENCIA\r'),
('4252837', 'JUAN DE JESUS GOMEZ GOMEZ\r'),
('43113234', 'DALI ANDREA CIRO PINEDA\r'),
('43168224', 'BIBIANA  VASQUEZ RINCON\r'),
('43714955', 'SIRLEY ALEXANDRA GOMEZ ZULUAGA\r'),
('4452242', 'ELIAS  GUARIN \r'),
('4474079', 'ALBERTO  MARTINEZ CORREA\r'),
('45483462', 'IRIS DENISE RENTERIA SALAZAR\r'),
('4602732', 'JAIME DE JESUS CARDONA RESTREPO\r'),
('4711161', 'CARLOS ENRIQUE PLAZA SANCHEZ\r'),
('4752598', 'LUIS JAIR CAICEDO CRUZ\r'),
('4775857', 'ISIDRO  BALBUENA \r'),
('4829889', 'JULIO CESAR FLOREZ SANCHEZ\r'),
('4860706', 'JOSE NELSON BENITEZ MOSQUERA\r'),
('4860725', 'JAIRO ALBERTO CACERES RESTREPO\r'),
('49770368', 'KARINE INES ARIAS ZEQUEDA\r'),
('5', 'GUATICA JUAN CAMILO IDARRAGA MI CASITA\r'),
('51674139', 'MYRIAM  PENN ROJAS\r'),
('51905879', 'LUZ MARY DOMINGUEZ \r'),
('5205461', 'LEO MARINI ENRIQUEZ ENRIQUEZ\r'),
('52055284', 'ANYELA FRANCY ALZATE AREVALO\r'),
('5206638', 'ALEX FERNANDO ANDRADE RUIZ\r'),
('52066656', 'GLORIA SMITH CASTAÑEDA CAPERA\r'),
('5219301', 'JESUS ERIC ANGULO QUIÑONES\r'),
('52339791', 'RAQUEL  CAMAYO ZAMBRANO\r'),
('5259356', 'FRANCO EDGARDO ACTE RAMIREZ\r'),
('5262340', 'LUIS GILBERTO ARCINIEGAS DOMINGUEZ\r'),
('5262472', 'WENCESLAO  TULCANAS DOMINGUEZ\r'),
('52841184', 'CLAUDIA LILIANA MARTIN DUQUE\r'),
('5302738', 'JUAN NESTOR CAICEDO OJEDA\r'),
('53069245', 'MARIA ISADEY PANIAGUA RAMOS\r'),
('53119030', 'TALIA LUCIA RIVAS SOLARTE\r'),
('5336554', 'RICAUTE  DORADO \r'),
('5605512', 'JOSE  RAMOS RIVERO\r'),
('5653585', 'VICTOR CESAR SILVA LONDOÑO\r'),
('5819291', 'CARLOS HERNAN OVIEDO \r'),
('5853426', 'ROGELIO  RAMIREZ \r'),
('59123282', 'EVELYN DAMARIS MUÑOZ JIMENEZ\r'),
('59124059', 'OLGA ADRIANA BURBANO BURBANO\r'),
('59682417', 'CENEIDA CAICEDO CASTILLO \r'),
('6', 'MANIZALES  MANIZALES \r'),
('6065572', 'JOSE HELIAN OSORIO NOREÑA\r'),
('6080498', 'ELIO  SALAZAR \r'),
('6084641', 'JAIME  MEJIA \r'),
('6088570', 'OLIVER  GONZALEZ \r'),
('6104327', 'JOSEMPHER  RUBIO GARNICA\r'),
('6114202', 'ALDEIN  TROCHEZ \r'),
('6131337', 'MIGUEL ANGEL MORALES SOTO\r'),
('6138410', 'RUBEN DARIO GUTIERREZ RIAÑO\r'),
('6138914', 'HERNAN  MORALES MARTINEZ\r'),
('6160477', 'ANTONIO  ARANGO RIVAS\r'),
('6180591', 'LUIS  GOMEZ ARENAS\r'),
('6180904', 'JOSE OLMEDO TORRES VILLEGAS\r'),
('6182516', 'ECEHOMO  ROMERO VIDALES\r'),
('6183664', 'ROBERTO ANTONIO ECHEVERRY OSORIO\r'),
('6183787', 'OBADIAS  LONDOÑO AGUDELO\r'),
('6184257', 'JULIO CESAR SOTO \r'),
('6184814', 'CARLOS  MARTINEZ \r'),
('6184846', 'GILBERTO DANILO SANCHEZ \r'),
('6185346', 'ALVARO  LOZANO \r'),
('6185421', 'ITALO  BLANCO ROLDAN\r'),
('6185845', 'GUSTAVO DE JESUS FLOREZ RAMIREZ\r'),
('6185857', 'RAUL  SANCHEZ ANDRADE\r'),
('6185899', 'MARINO  CUELLAR MEJIA\r'),
('6185965', 'GERARDO  BARON \r'),
('6186110', 'MANUEL FRANCISCO CABAL CABAL\r'),
('6186213', 'ALVARO  CUELLAR MEJIA\r'),
('6186640', 'JORGE ALBERTO CARRILLO TARQUINO\r'),
('6186665', 'RODRIGO  MARTINEZ CORREA\r'),
('6187192', 'JULIO CESAR CARDEÑO \r'),
('6187448', 'GERARDO  CABRERA \r'),
('6187526', 'JOSE DEL CARMEN CUADROS BARON\r'),
('6188849', 'DANIEL  TROCHEZ VALENCIA\r'),
('6188870', 'FRANCISCO IVAN CASTILLO \r'),
('6188918', 'DIEGO HERNANDO GONZALEZ \r'),
('6188949', 'ORLANDO  GONSALEZ \r'),
('6188962', 'DANIEL OMAR REAL SANCLEMENTE\r'),
('6189060', 'JHON JAIRO NUPIA \r'),
('6189678', 'ARVEY JOSE SOTO BEJARANO\r'),
('6189765', 'WILLIAM  HINESTROSA \r'),
('6190153', 'EDILBERTO  BEDOYA BENAVIDES\r'),
('6190192', 'LUIS ARTURO BLANDON PAEZ\r'),
('6190581', 'LUIS HERLINDO GOMEZ GAÑAN\r'),
('6190597', 'ELIBERTO  GIRALDO \r'),
('6190624', 'OCTAVIO  GIRALDO \r'),
('6190649', 'BERNANDO  GOMEZ GAÑAN\r'),
('6190697', 'JOSE VICENTE DUQUE OSPINA\r'),
('6190701', 'JOSE EVELIO GIRALDO MARIN\r'),
('6190704', 'ALBEIRO DE JESUS MARIN GARCIA\r'),
('6190738', 'HERNAN JOSE PEREZ CASTRILLON\r'),
('6190741', 'JAIRO  OBANDO CRUZ\r'),
('6190743', 'GUILLERMO  ROSERO \r'),
('6190752', 'MARTIN ELIAS LARGO RAMIREZ\r'),
('6190757', 'HERNANDO  QUINTERO \r'),
('6190785', 'JAIRO  MEDINA ORTEGA\r'),
('6190795', 'OSCAR  DIAZ VELASQUEZ\r'),
('6190796', 'CAMILO  HOYOS CUERVO\r'),
('6190798', 'GONZALO  GOMEZ \r'),
('6190820', 'LUIS ANTONIO GONZALES \r'),
('6190821', 'BERTO ANTONIO ROMAN \r'),
('6190856', 'HERNANDO  GOMEZ GAÑAN\r'),
('6190864', 'LUIS ARTURO CARDENAS LONDOÑO\r'),
('6190892', 'LUIS ARTURO BLANDON \r'),
('6190911', 'FRANCISCO JAVIER PRIETO GUAPACHA\r'),
('6190939', 'JESUS MARIA CALLE COLLAZOS\r'),
('6190940', 'EDGAR DE JESUS PIEDRAHITA \r'),
('6190964', 'CARLOS HOLMES TRUJILLO \r'),
('6190974', 'HUMBERTO  CRUZ \r'),
('6190978', 'JOSE ROMAN TORRES VILLEGAS\r'),
('6190993', 'JESUS ANTONIO FRANCO SAENS\r'),
('6191010', 'PABLO ANTONIO ROJAS ESPINOSA\r'),
('6191028', 'GUSTAVO DE JESUS RODRIGUEZ GIRALDO\r'),
('6191037', 'DANIEL  BASTO \r'),
('6191054', 'MARCO  BURBANO \r'),
('6191070', 'ALEXANDER  SARRIA BECERRA\r'),
('6191078', 'LUIS FERNANDO PEREZ CASTRILLON\r'),
('6191091', 'CARLOS HUMBERTO VASQUEZ \r'),
('6191103', 'CARLOS ERLEY CARDONA MORENO\r'),
('6191121', 'JHON HENRY ORTIZ CASTAÑEDA\r'),
('6191130', 'FERNANDO  FRANCO ISAZA\r'),
('6191139', 'WILMER GUSTAVO ORTIZ CASTAÑEDA\r'),
('6191873', 'IBERTO  GONZALEZ \r'),
('6192797', 'GILDARDO  AVILA \r'),
('6192820', 'JAIME  CUELLAR RAMIREZ\r'),
('6192843', 'EDINSON  VELEZ \r'),
('6192851', 'JORGE HERNAN GONZALEZ MENESES\r'),
('6192863', 'ARNULFO  BERMUDEZ VELASQUEZ\r'),
('6192880', 'JOSE JUVENAL MUÑOZ GUARIN\r'),
('6192883', 'HECTOR FABIO BETANCOURT RODRIGUEZ\r'),
('6192900', 'JOSE MANUEL BERMUDEZ VELASQUEZ\r'),
('6192923', 'JORGE IVAN HERRERA CASTELLANOS\r'),
('6192951', 'EDGAR  GONZALEZ VALENCIA\r'),
('6193799', 'FRANCISCO JAVIER RUIZ \r'),
('6193992', 'CARLOS HUMBERTO DELGADO \r'),
('6194016', 'ALBEIRO  ACOSTA ALDANA\r'),
('6194033', 'ORBEY  PERES \r'),
('6194046', 'PEDRO VICENTE MARTINEZ WILCHES\r'),
('6194077', 'JAIME  PATIÑO HERNANDEZ\r'),
('6194080', 'ELIEL  CUADROS SIERRA\r'),
('6194096', 'OSCAR JESUS OROZCO VASQUEZ\r'),
('6194122', 'HERMAN  VALDERRAMA RODRIGUEZ\r'),
('6195681', 'TEOFILO  CUSPIANO \r'),
('6195745', 'ARNULFO  VASTO \r'),
('6197542', 'JOSE IGNACIO PEREZ \r'),
('6197905', 'HERMAN DE JESUS GUTIERREZ ZAPATA\r'),
('6198813', 'JUAN MANUEL ARIAS LIBREROS\r'),
('6200593', 'JOSE LUIS AYALA BOTERO\r'),
('6207537', 'MARIO DE JESUS AGUDELO \r'),
('6208228', 'JOSE RAMIRO DIAZ ORTEGA\r'),
('6223340', 'ERIBERTO  OSSA ARANGO\r'),
('6247096', 'NORVERTO  MUÑOZ \r'),
('6262130', 'JOSE ABELARDO GOMEZ RENDON\r'),
('6265193', 'DIEGO FERNANDO SIERRA \r'),
('6265234', 'FERNANDO  HOYOS RAMIREZ\r'),
('6265583', 'LUIS  GALINDO DELGADO\r'),
('6266346', 'JOSE VICENTE NARVAEZ DE JESUS\r'),
('6266384', 'WILSON  GUTIERREZ \r'),
('6287446', 'MIGUEL MARINO CALERO DIAZ\r'),
('6287661', 'MIGUEL ANGEL VARONA CASTRO\r'),
('6287663', 'LEONARDO  LOPEZ COLLAZOS\r'),
('6288866', 'JOSE JOAQUIN MARTINEZ NIEVES\r'),
('6293244', 'PEDRO JOSE TORRES PALACIO\r'),
('6316549', 'JAVIER  ZAPATA \r'),
('6316847', 'LUIS FERNANDO CABAL IDROBO\r'),
('6318380', 'GONZALO  ARCILA GOMEZ\r'),
('6318727', 'CARLOS ALBERTO ARCILA GOMEZ\r'),
('6318751', 'HENRY  SALCEDO RESTREPO\r'),
('6318832', 'FABIO HUMBERTO ESPINOSA TORO\r'),
('6319138', 'OSCAR EMILIO PAYAN SANDOVAL\r'),
('63195266', 'JAMES HUMBERTO NARANJO \r'),
('6319779', 'WILDER ANTONIO AVILA VASQUEZ\r'),
('6319785', 'MILTON MANUEL DOMINGUEZ \r'),
('6320168', 'JADIER ALONSO TIGREROS DIAZ\r'),
('6320439', 'JAIME FERNANDO OSORNO PAREJA\r'),
('6320493', 'JOSE SAMUEL MAYA CORREA\r'),
('6321449', 'VICTOR JULIAN BOTERO LINCE\r'),
('6321692', 'JOSE ROBINSON RENGIFO VALENCIA\r'),
('6321746', 'EDWARD ALVARO MAFLA BASTIDAS\r'),
('6321893', 'JORGE  ZAPATA \r'),
('6322027', 'EDWIN  CASTAÑO \r'),
('6322068', 'JULIAN ANDRES MARTINEZ CAICEDO\r'),
('6322125', 'ROLANDO ARTURO CRUZ CARDENAS\r'),
('6322232', 'CESAR ALBERTO PLATA DOMINGUEZ\r'),
('6322292', 'LUIS  BETANCUR \r'),
('6322383', 'HOMERO  CARDENAS \r'),
('6322483', 'LUIS JAVIER OMEN PAPAMIJA\r'),
('6322507', 'YESID ALEXIS GONZALEZ ESCOBAR\r'),
('6322716', 'JUAN DIEGO LOPEZ MANCO\r'),
('6322847', 'JORGE  VERGARA \r'),
('6322888', 'WILMAR  GONZALEZ ESCOBAR\r'),
('6323012', 'FRNCISCO  SALDAÑA \r'),
('6325337', 'PEDRO NEL PLATA \r'),
('6325637', 'DIEGO JAVIER COBO PLAZA\r'),
('6328102', 'JAIME DE JESUS GONZALEZ RIVERA\r'),
('6328113', 'LIBARDO  SANCHEZ \r'),
('6328242', 'JAVIER  MORENO \r'),
('6328261', 'CARLOS HUMBERTO HOLGUIN \r'),
('6339655', 'HECTOR MANUEL CONDE GALLEGO\r'),
('6341993', 'JAIR  GUIZA GUERRERO\r'),
('6342006', 'LUIS EISNAR PRADO PRADO\r'),
('6343453', 'OSCAR DARIO CALDERON CALDERON\r'),
('63513910', 'CAROLINA  SILVA \r'),
('6380028', 'HERNAN  VERGARA RESTREPO\r'),
('6381211', 'GERARDO JOSE VILLALOBOS AZCARATE\r'),
('6383983', 'JIMMY ANDRES PORTILLA ERASO\r'),
('6384325', 'WILLIAM  GOMEZ GARCIA\r'),
('6389826', 'MAURICIO  DAVILA \r'),
('6398259', 'JAIRO  MARTINEZ \r'),
('6402621', 'JESUS ALBERTO AYALA BORJA\r'),
('6407104', 'JOSE LEONIDAS RODRIGUEZ HERNANDEZ\r'),
('6407478', 'DAVID  PEDRAZA MARULANDA\r'),
('6421534', 'HERMENEGILDO  ERAZO \r'),
('6422078', 'JAIR  MUÑOZ ARIAS\r'),
('6422215', 'ELMAR  VACCA TOQUICA\r'),
('6422350', 'ESNER EDIVER GARZON SARRIA\r'),
('6422362', 'MIGUEL ANGEL CRUZ \r'),
('6422770', 'VICTOR HUGO VIVAS \r'),
('6424129', 'ORMANDO  VALENCIA \r'),
('6428178', 'FREDDY ANTONIO VICUÑA \r'),
('6428276', 'JOSE OLMEDO LOPEZ QUICENO\r'),
('6441698', 'MISAEL  BERMUDEZ HERRERA\r'),
('6442161', 'CARLOS ALFONSO ANDRADE AVILA\r'),
('6445056', 'DECIO  FIGUEROA FRANCO\r'),
('6445204', 'ARMANDO LOZANO ZAPATA \r'),
('6445211', 'JOSE MANUEL TASCON AGUIRRE\r'),
('6445295', 'ASDRUVAL  VASQUEZ ESPITIA\r'),
('6445374', 'FABIO  CIFUENTES REYES\r'),
('6445663', 'CARLOS ANDRES HERNANDEZ ROJAS\r'),
('6445718', 'REYNEL  DE JESUS PARDO\r'),
('6445758', 'WVALDO  MEJIA CAMACHO\r'),
('6445867', 'EDINSON  DUQUE RIVERA\r'),
('6445888', 'FERNANDO ANTONIO PARDO BARON\r'),
('6445919', 'FREDY ANDRES ZUÑIGA VELASCO\r'),
('6445957', 'JOHN ALBERTH ZUÑIGA ALDANA\r'),
('6445985', 'GUSTAVO  HENAO VELASQUEZ\r'),
('6446035', 'CARLOS ANDRES VASQUEZ \r'),
('6446081', 'ALVARO  DIEZ \r'),
('6446094', 'ROBINSON  LOPEZ SANCHEZ\r'),
('6446187', 'JESUS ANTONIO DUQUE RIVERA\r'),
('6446216', 'OSCAR EDUARDO JARAMILLO \r'),
('6446330', 'CESAR ARTURO ZAPATA ALVAREZ\r'),
('64464468', 'JULIAN MAURICIO CASTRO PORRAS\r'),
('6446591', 'LEONARDO  JARAMILLO \r'),
('6447057', 'REINALDO ANTONIO SANCHEZ ARENAS\r'),
('6450612', 'HERIBERTO  VALENCIA ORTEGA\r'),
('6450614', 'RAFAEL  VASQUEZ \r'),
('6450793', 'RUBEN DARIO GONZALEZ VIDAL\r'),
('6450815', 'CARLOS HUMBERTO PEREZ \r'),
('6450827', 'SILVIO  VILLAQUIRON \r'),
('6450881', 'RAMON  ZUÑIGA BOCANEGRA\r'),
('6450889', 'JUAN CARLOS PEÑARANDA \r'),
('6450979', 'AMERICO  MENDOZA \r'),
('6454608', 'LUIS ARGEMIRO JIMENEZ ECHEVERRY\r'),
('6461993', 'ANTONIO  SEDAS \r'),
('6462071', 'ELMER  GOMEZ CASTAÑO\r'),
('6466145', 'JOSE SOFONIAS BURBANO LONDOÑO\r'),
('6497628', 'NOHAMET  PEÑARANDA BACCA\r'),
('6500143', 'NOLBERTO  MARULANDA \r'),
('6501566', 'NORVERTO ANTONIO ACEVEDO \r'),
('6501733', 'JORGE WILMER CASTRO NAÑEZ\r'),
('6504880', 'MARCO TULIO PEREZ PARRA\r'),
('6504899', 'JOSE EDGAR PEREZ PARRA\r'),
('6504911', 'GUILLERMO  MUÑOZ SUAREZ\r'),
('6512742', 'EDISON DE JESUS DAVILA TORO\r'),
('6512770', 'JOSE HUMBERTO DIAS \r'),
('6518833', 'JUAN CARLOS PEREZ \r');
INSERT INTO `cliente` (`nit`, `nombre`) VALUES
('6530870', 'JORGE  JIMENEZ \r'),
('6531768', 'RODRIGO JAVIER JIMENEZ LEON\r'),
('6536728', 'GABRIEL  MONEDERO \r'),
('6536821', 'JAIME  MARROQUIN \r'),
('6537016', 'GREGORIO  CEBALLOS MONTES\r'),
('6537032', 'CARLOS ALBEIRO IZQUIERDO RIZO\r'),
('6537101', 'WILLIAM  ARIAS MAGON\r'),
('6537133', 'ALVARO  BEDOYA OSPINA\r'),
('6537149', 'CARLOS HERNANDO HOYOS \r'),
('6537208', 'HUGO HOLMES MARTINEZ RAMIREZ\r'),
('6537289', 'MARIO GERMAN RAMIREZ \r'),
('6537317', 'CARLOS ARTURO HURTADO \r'),
('6537322', 'JOSE ALVERTO CASTAÑO VANEGAS\r'),
('6537428', 'HAROLD  MOTES LEDESMA\r'),
('6537513', 'DIEGO MAURICIO GOMEZ \r'),
('6537568', 'JORGE  SALAZAR \r'),
('6537593', 'FABIAN  ARCE CEBALLOS\r'),
('6537877', 'FABIAN DE JESUS MONTOYA CORREA\r'),
('6537951', 'OSCAR EDUARDO GUARIN \r'),
('6537971', 'HERNANDO RIOS ESCOBAR \r'),
('6537978', 'MILTON FABIAN CANTERO LASSO\r'),
('6538081', 'HUBERNEY  BUSTAMANTE \r'),
('6538100', 'MANUEL ALONZO RIVERA RIZO\r'),
('6538142', 'BERNEY  MARTINEZ JIMENEZ\r'),
('6540692', 'DANIEL  HERNANDEZ VELEZ\r'),
('6540713', 'ARMANDO  LIZ GARCIA\r'),
('6541585', 'LUIS ERNESTO DARAVIÑA \r'),
('6543590', 'JOSE ARQUIMEDES ORDOÑEZ \r'),
('6543727', 'JULIO CESAR BURBANO \r'),
('6543732', 'ALVARO  VIERA \r'),
('6543734', 'ALVARO  VARGAS MEDINA\r'),
('6543743', 'EDILBERTO  BERMUDEZ \r'),
('6544748', 'DIEGO FERNANDO MOYA RAMIREZ\r'),
('6544751', 'MAURICIO JOSE ROJAS \r'),
('6544765', 'HERLINSON  HOLGUIN \r'),
('6544791', 'EDGAR  ESCOBAR CARDOZO\r'),
('6544804', 'WILSON  TIQUE CARDOZO\r'),
('6547744', 'RAMON ANTONIO ANDUQUIA \r'),
('6550589', 'JOSE  SOLANO \r'),
('65717301', 'CLAUDIA ALEXANDRA BARBOSA PEREZ\r'),
('65748508', 'LUISA FERNANDA TRONCOSO CRUZ\r'),
('65748681', 'ESTER CECILIA ORTEGA CLAVIJO\r'),
('65808188', 'JANETH  GONZALEZ \r'),
('6625363', 'ANDRES  OSORIO \r'),
('66655670', 'FRANCIA HELENA LUGO MONTILLA\r'),
('66656922', 'ANA BOLENA CALERO MANCO\r'),
('66658430', 'MARIA YUDY GUTIERREZ GALEANO\r'),
('66683709', 'MARIA EUGENIA LLANOS \r'),
('66709488', 'OTILIA  LOPEZ GOMEZ\r'),
('66711085', 'MARIA TERESA RUSSI TORRES\r'),
('66711410', 'BLANCA NUBIA LOPEZ \r'),
('66713978', 'ANA MARIA MARULANDA GALLEGO\r'),
('66717122', 'LUZ ALEIDA LEON BLANDON\r'),
('66720380', 'MARILUZ  VARGAS ARROYAVE\r'),
('66722752', 'MARIA ALICIA VASQUEZ HENAO\r'),
('66722843', 'NANCY  OCAMPO OSORIO\r'),
('66724351', 'MARIA DOLLY GUTIERREZ ZAPATA\r'),
('66727005', 'MARTHA CECILIA DELGADO FOREZ\r'),
('66729974', 'CLAUDIA PATRICIA MARIN LOPEZ\r'),
('66761246', 'LUCELY  ALEGRIA CHACON\r'),
('66775293', 'ANGELA MARIA ORTIZ \r'),
('66780521', 'CATHERINE  MORALES BUITRAGO\r'),
('66803603', 'MILLERLANDY  RAMIREZ QUINTERO\r'),
('66839610', 'ADRIANA MARIA CAMPO CHITO\r'),
('66842170', 'ADRIANA  GARCIA \r'),
('66877802', 'ANA MILENA GUTIERREZ LOAIZA\r'),
('66916379', 'XIMENA ANTONIA BONILLA URIBE\r'),
('66918996', 'VIVIANA  ALBAN CASTRO\r'),
('66923630', 'SORAYDA  TORRES \r'),
('66946381', 'CLAUDIA MILENA BERMUDEZ \r'),
('66955685', 'SANDRA PATRICIA ALZATE ARIAS\r'),
('66961271', 'ILDA MERY GUERREO ALZATE\r'),
('66989392', 'NATHALIA ANDREA ARIAS MARTIN\r'),
('67004530', 'RUBIELA  SUAREZ VICTORIA\r'),
('69020106', 'SANDRA MILENA CORDOBA ORTEGA\r'),
('7', 'JAIRO LOPEZ MI CASITA TORO\r'),
('700115543', 'MARIA CAMILA TRUJILLO HOYOS\r'),
('70069665', 'LUIS ALBERTO RINCON TABORDA\r'),
('70111588', 'LUIS FERNANDO ANGEL ESCOBAR\r'),
('70566672', 'JAIRO  ARANGO BOTERO\r'),
('70690894', 'IVAN  RAMIREZ \r'),
('70826989', 'JOHN ALBEIRO SALAZAR LOPEZ\r'),
('70828360', 'LIBARDO EMILIO GARCIA VERGARA\r'),
('70852800', 'ELBAR ANTONIO MONTOYA OSPINA\r'),
('70900204', 'LUIS GUILLERMO RAMIREZ SERNA\r'),
('70902275', 'ORLANDO ANTONIO ZAPATA DUQUE\r'),
('70904183', 'LUIS ARNULFO ZULUAGA BUTRAGO\r'),
('70905105', 'LUIS ALBERTO SERNA DUQUE\r'),
('70905461', 'ALVEIRO  CARVAJAL \r'),
('71183300', 'JOSE  SELIMA ANZOLA\r'),
('71230561', 'YEISON ALEJANDRO MOLANO ARANGO\r'),
('71668202', 'OSCAR EVELIO CUERVO CARDONA\r'),
('72156346', 'ASDRUBAL  RINCON CUELLAR\r'),
('7221948', 'CARLOS  GRANADOS SANABRIA\r'),
('72267064', 'FERNEDIS  ROJAS CERVANTES\r'),
('7495162', 'ANCIZAR  RAMIREZ \r'),
('75036800', 'OVERTH  TABARES TABARES\r'),
('75040642', 'JOSE GREGORIO TABORDA \r'),
('75065266', 'JOSE EDGAR CEBALLOS \r'),
('75077880', 'RICARDO  MEJIA \r'),
('75101346', 'LEONEL ARTURO PEDROZA GARCIA\r'),
('75144641', 'HERNAN  JARAMILLO CORDOBA\r'),
('7517714', 'LIBARDO  CASAS GIL\r'),
('7533313', 'FRANCISCO  RIVERA \r'),
('76008025', 'LUIS ALBERTO CUCHILLO TUNGUALA\r'),
('76044186', 'SAIRLOVIKS  CASTILLO UZURIAGA\r'),
('76045699', 'JOSE DAVID CARRILLO GALVIZ\r'),
('76235947', 'JOSE LEONICIO CAMAYO ZAMBRANO\r'),
('76285287', 'RUBER  ALBAN ARAQUE\r'),
('76322576', 'SYHERSIÑO  VILAÑA CHALCO\r'),
('76327980', 'LASCARIO  CADAVID \r'),
('76330437', 'ALEXANDER  CAICEDO ANGURO\r'),
('7713820', 'WILSON  NUÑEZ GRANADOS\r'),
('77190775', 'ELVER FABIAN MOLINA CAMACHO\r'),
('79005504', 'DIEGO EDILSON MORENO \r'),
('79164501', 'HUMBERTO  NIÑO \r'),
('79230978', 'MANUEL  MEJIA \r'),
('79337485', 'HEBERT  RODRIGUEZ RAMIREZ\r'),
('79338031', 'JULIAN BERNARDO TRUJILLO PIEDRAHITA\r'),
('79632207', 'JORGE ALEJANDRO BOLAÑOS URBANO\r'),
('79641949', 'EFRAIN  MUÑOZ HERRERA\r'),
('79648845', 'JOSE ALBEIRO GALVIS \r'),
('79680703', 'JULIAN  GIRALDO JIMENEZ\r'),
('79715326', 'CARLOS FERNANDO FRANCO PEREZ\r'),
('79857395', 'EDWIN ALEXIS CARDENAS MENDOZA\r'),
('79956527', 'WILBER FAVER URREA VIERA\r'),
('79963096', 'GERARDO ARTURO VALENCIA PINZON\r'),
('79995798', 'LUIS FERNANDO HOYOS OSPINA\r'),
('8', 'SEVILLA  SEVILLA \r'),
('800015378', 'DANILO VARELA Y CIA S EN C S   \r'),
('800024486', 'AGROPECUARIA LA VENTURA SAS   \r'),
('800035120', '\"AGROINDUSTRIAL SAN JOSE S.A. \"AGRINSA\"   \"\r\n80004'),
('80021870', 'WILMER  MARTINEZ \r'),
('80023524', 'FREDY  PIEDRAHITA AREVALO\r'),
('80040815', 'DISTRIBUIDORA AY MI LLANURA   \r'),
('80088131', 'JOSE ROSEMBERG MUÑOZ PEÑA\r'),
('80310841', 'GERMAN  COBOS \r'),
('80416493', 'ANIBAL JULIO CARDONA HINCAPIE\r'),
('80864493', 'LUIS ALEJANDRO AMARILLO HENAO\r'),
('8104815', 'YOAHN HORACIO VASQUEZ RINCON\r'),
('8105379', 'CRISTIAN  VALENCIA MONTOYA\r'),
('8161381', 'DAVID AUGUSTO GIRALDO SANCHEZ\r'),
('8166388', 'DIEGO  BRAVO LOZANO\r'),
('8238319', 'DANIEL  SANCHEZ GOMEZ\r'),
('8268284', 'HERNANDO ALONSO MARIN AGUDELO\r'),
('828319', 'DANIEL  SANCHEZ \r'),
('8294733', 'HUMBERTO ANTONIO ATEORTUA BERMUDES\r'),
('8312929', 'ORLANDO  RAMIREZ GARCIA\r'),
('8411082', 'ALFONSO  BEDOYA \r'),
('8426651', 'MARCO AURELIO CARDONA MUÑOZ\r'),
('8473830', 'OSVALDO  RIOS \r'),
('86009852', 'GLENIN  GONZALEZ HERRERA\r'),
('87028207', 'KENIS  ORDOÑEZ DELGADO\r'),
('87066161', 'CARLOS IGNACIO AGUILAR PERDOMO\r'),
('87101034', 'NELSON CLEMENTE GUERRERO ROMERO\r'),
('87302939', 'JAIRO ORLANDO AROS BASTIDAS\r'),
('8742962', 'CARLOS ARBEY ESPINOSA LOPEZ\r'),
('87454313', 'JHON FREDDY ERAZO MELO\r'),
('87513319', 'JAIME ANDRES TARAMUEL TARAMUEL\r'),
('87572396', 'JAVIER TARCICIO RAMOS NAVARRO\r'),
('876791', 'RAUL  GONZALEZ \r'),
('87718906', 'MILTON MARINO TAPIA PORTILLA\r'),
('88002590', 'ALECSANDER  CARVAJAL \r'),
('88033112', 'WILLIAM JAVIER SUAREZ TAMI\r'),
('88240827', 'JHON HAROLD GIRALDO BUENO\r'),
('9', 'TODOAGRO  MI CASITA \r'),
('9093511', 'JAIRO  RESTREPO \r'),
('91100086', 'JAIME  FRANCO GOMEZ\r'),
('91208118', 'PEDRO NEL CARDOZO ACOSTA\r'),
('91471780', 'JUAN  RONDON CASTILLO\r'),
('93131906', 'JOSE DIONY SANTOS SOLORZANO\r'),
('93292091', 'JOSE GILBERTO SANCHEZ GUZMAN\r'),
('93397042', 'HAIDER  ORDOÑEZ RESTREPO\r'),
('9345213', 'WILLIAM IVAN HERNANDEZ CASTRO\r'),
('94000010', 'JUAN JOSE SEPULVEDA \r'),
('94000043', 'FERNANDO  MORALES MARTINEZ\r'),
('94010016', 'JOSE IVAN CASTILLO MARTINEZ\r'),
('94010017', 'RUBIEL ANTONIO GALLEGO OROZCO\r'),
('94010022', 'MILCIADEZ  CABRERA \r'),
('94015004', 'LUIS ENRRIQUE RINCON \r'),
('94015007', 'HIDALGO  CARRILLO \r'),
('94015008', 'TEODOBALDO  TORRES SEPULVEDA\r'),
('94015023', 'RODRIGO  HERRERA GARCIA\r'),
('94040323', 'DIEGO  MARTINEZ \r'),
('94150687', 'JHON ARLEY JARAMILLO MURILLO\r'),
('94150810', 'WALTER ANDRES ORTIZ \r'),
('94151580', 'OSCAR HUMBERTO OROZCO CASANOVA\r'),
('94152440', 'OLMEDO  SEPULVEDA BERMUDEZ\r'),
('94152770', 'CARLOS HUMBERTO ROJAS \r'),
('94176000', 'ORLANDO LIZARAZO BEDOYA \r'),
('94193632', 'LUIS ALFONSO BURITICA \r'),
('94193639', 'LUIS ALFONSO BENJUMEA PETREL\r'),
('94225695', 'LUIS ANTONIO GRISALES VALLEJO\r'),
('94227656', 'JOSE FABIAN OROSCO GONSALEZ\r'),
('94228462', 'MARIO GERMAN VARGAS FORERO\r'),
('94257811', 'GABRIEL  ALMESIGA RESTREPO\r'),
('94262846', 'IVAN  RIVERA \r'),
('94265303', 'MILLER JAVIER JIMENEZ PALECHOR\r'),
('94265344', 'BAIRON  MARIN \r'),
('94266528', 'GIMMY HERNANDO DIAZ NARVEZ\r'),
('94266531', 'ANDRES FELIPE MAMBUSCAY TULANDE\r'),
('94266580', 'ESEQUIEL ANTONIO QUIRAMA MONSALBE\r'),
('94266630', 'DIEGO FERNANDO GIL AMAYA\r'),
('94266802', 'JENRRY  MONTENEGRO \r'),
('94268096', 'RICARDO  GUERRERO CARDENAS\r'),
('94269028', 'WILFREDO  QUIJANO TRUJILLO\r'),
('94269360', 'GUSTAVO ADOLFO RENDON \r'),
('94269609', 'JESUS ANTONIO ORTEGA LOPES\r'),
('94270030', 'JOSE  BENITES \r'),
('94275186', 'LEONID  PINEDA \r'),
('94277378', 'JULIAN  GARCIA GARCIA\r'),
('94283189', 'FERNANDO  SILVA \r'),
('94284734', 'GERMAN DE JESUS BENITEZ ARREDONDO\r'),
('94287660', 'MILTON FABIAN GOMEZ VALENCIA\r'),
('94288330', 'EDUARDO  QUICENO \r'),
('94297012', 'VICTOR MANUEL MEDINA \r'),
('94315375', 'JOSE LEONARDO SERNA RICO\r'),
('94355889', 'JORGE ELIECER MOYA GUITIERREZ\r'),
('94356024', 'JUAN CARLOS PIEDRAHITA VELASQUEZ\r'),
('94361721', 'FERLEY  BENAVIDES JURADO\r'),
('94365213', 'FERNANDO ANTONIO VASQUEZ HENAO\r'),
('94366705', 'DIEGO JAVIER CRUZ \r'),
('94367100', 'WILLIAN  VELEZ \r'),
('94368396', 'LUIS EWAR DUQUE RIVERA\r'),
('94369195', 'JOHN FREI GIL RODRIGUEZ\r'),
('94370296', 'RICARDO LEON OSPINA GALVIS\r'),
('94373693', 'JHON JAIRO CERON JARAMILLO\r'),
('94374049', 'DANILO  FERNANDEZ \r'),
('94382278', 'NORBEY  MEDINA PAMA\r'),
('94383591', 'JAINER  SEPULVEDA ANGEL\r'),
('94386745', 'ALONZO HERNANDEZ ALZATE \r'),
('94388076', 'DUVAN  PEREZ \r'),
('94389151', 'WILMAR  AGUIRRE \r'),
('94391235', 'HECTOR ALONSO ARANGO GARCIA\r'),
('94394844', 'JOVANY  GONZALEZ \r'),
('94394985', 'NOE  ARENAS MORALES\r'),
('94395108', 'JORGE ANDRES TABARES \r'),
('94395945', 'DANIEL  CORTES CORREA\r'),
('94398188', 'JOSE MAURICIO CIFUENTES SOTO\r'),
('94399558', 'WILSON  ARROYABE \r'),
('94410901', 'JUAN BERNARDO VELEZ ROMERO\r'),
('94419660', 'LUIS ALBERTO BURBANO LOPEZ\r'),
('94422407', 'JANER  JARAMILLO \r'),
('94424187', 'RICARDO  CASTAÑO ROBLEDO\r'),
('94432742', 'JHON JAIME TRUJILLO CARMONA\r'),
('94441049', 'LUIS FERNANDO ALVEAR GONZALEZ\r'),
('94444978', 'ALEJANDRO BETANCOURT MEJIA \r'),
('94466315', 'MILLER  LARA CARVAJAL\r'),
('94471063', 'ORLANDO  UYOA \r'),
('94471227', 'DIEGO FERNANDO MOSQUERA CIFUENTES\r'),
('94471265', 'DIEGO DAVID GIRON \r'),
('94471348', 'CAMILO  POSADA \r'),
('94471434', 'OSCAR ANDRE JARAMILLO ROLDAN\r'),
('94471463', 'JOSE MANUEL MILLAN ORTEGA\r'),
('94471492', 'PEDRO ANTONIO MORENO ALVAREZ\r'),
('94471516', 'JOHN FREDY HERNANDEZ GARCIA\r'),
('94471763', 'DIEGO FERNANDO JIMENEZ MORENO\r'),
('94471768', 'ANDRES FELIPE TORRES LIBREROS\r'),
('94472006', 'DIEGO GERMAN LOSADA \r'),
('94472012', 'CESAR AUGUSTO MARTINEZ ESCOBAR\r'),
('94472040', 'JORGE FABIO TULANDE TOBON\r'),
('94472094', 'JOSE MAURICIO CRUZ GARRIDO\r'),
('94472158', 'JUAN PABLO RENGIFO CIFUENTES\r'),
('94472264', 'JHON JAMES RODRIGUEZ \r'),
('94472293', 'CARLOS ALBERTO ARBOLEDA CASTAÑO\r'),
('94472360', 'JUAN CARLOS ORTIZ \r'),
('94472513', 'FRANKLIN  GONZALES GOMEZ\r'),
('94472574', 'GEOVANNI  VALENCIA CASTAÑEDA\r'),
('94472647', 'NOLBERTO  VALDERRAMA RODRIGUEZ\r'),
('94472660', 'MARCO TULIO BERMUDEZ \r'),
('94472782', 'GERSON ANDRES CARVAJAL \r'),
('94472803', 'CARLOS ARMANDO ARANGO \r'),
('94472823', 'WILNSR  SIERRA \r'),
('94472866', 'JORGE HERNAN SOTO \r'),
('94472926', 'DANIEL  OCHOA \r'),
('94473103', 'WILMER HERNANDO GOMEZ CARDONA\r'),
('94473124', 'RAMON EMILIO ARROYAVE \r'),
('94473139', 'ARCESIO  PIZARRO BEJARANO\r'),
('94473149', 'JULIAN  JARAMILLO \r'),
('94473205', 'GERMAN  RAMIREZ \r'),
('94473364', 'HERNAN  ECHEVERRY \r'),
('94473367', 'JAIRO ORLANDO DIAZ LONDOÑO\r'),
('94473428', 'ALEXANDER  SANCHEZ \r'),
('94473475', 'DIEGO FERNANDO RIVERA ROJAS\r'),
('94473506', 'FREDY  GUERRERO \r'),
('94473728', 'ORLANDO SIMON SANCHEZ VALBUENA\r'),
('94473802', 'BLADIMIR  ROMERO \r'),
('94473858', 'MARIO GERMAN ALZATE GONZALEZ\r'),
('94474058', 'VIRGILIO  SIERRA \r'),
('94474094', 'EDUARDO HERNAN ESCOBAR RAMOS\r'),
('94474102', 'LUIS FERNANDO CARRILLO AGREDO\r'),
('94474128', 'EDWAR  OROZCO RUIZ\r'),
('94474267', 'HECTOR FABIO QUIROZ \r'),
('94474331', 'VICTOR FABIO POLANCO GIRON\r'),
('94474573', 'EDGAR ANTONIO AGUILAR RON\r'),
('94474633', 'DIEGO FERNANDO MOLINA ORDOÑEZ\r'),
('94474698', 'FREDERNID  LUCAS MAZO\r'),
('94474763', 'JOSE ALEXANDER GALEANO \r'),
('94474921', 'JOSE FERNANDO MARTINEZ \r'),
('94474923', 'CARLOS ANDRES HINCAPIE YANTEN\r'),
('94474958', 'ALDEMAR  AGUDELO \r'),
('94475223', 'JUAN DAVID GALLEGO OSORIO\r'),
('94475313', 'FERNANDO ALONSO BOCANEGRA LOZANO\r'),
('94475343', 'FABIO  PEÑA \r'),
('94475402', 'JHON  CANO DIAZ\r'),
('94475405', 'JULIO MOISES PINILLA RESTREPO\r'),
('94475411', 'HUMBERTO ANTONIO CHAVARRIA VELEZ\r'),
('94475444', 'ANDRES  SALAZAR \r'),
('94475485', 'EDINZON  CUADROS \r'),
('94475516', 'JOHN FREDDY OSPINA RAMIREZ\r'),
('94475556', 'YIMMI  MEJIA HENAO\r'),
('94475739', 'RAUL BENHUR RAMIREZ BETANCUR\r'),
('94475860', 'JAIME HERNAN CUADROS VARON\r'),
('94476098', 'YULDER ALZATE ARANGO \r'),
('94476101', 'JAVIER  DURAN RESTREPO\r'),
('94476114', 'LUIS  GOMEZ \r'),
('94476306', 'CRISTHIAN  JARAMILLO \r'),
('94476328', 'GERMAN ANDRES NARANJO SANCHEZ\r'),
('94476351', 'DANIEL  AMAYA GARCIA\r'),
('94476373', 'JHOANI  VALENCIA LOPEZ\r'),
('94476388', 'JUAN PABLO LLANO CASTAÑO\r'),
('94476676', 'LEONARDO ELIECER BERMUDEZ GAÑAN\r'),
('94476725', 'DIEGO FERNANDO ROMERO MARIN\r'),
('94476838', 'FERNEY  BARBOSA GUERRERO\r'),
('94476869', 'RUBEN DARIO BASTO RAMIREZ\r'),
('94476948', 'WILDER  QUICENO \r'),
('94477055', 'HEINER  JIMENEZ \r'),
('94477149', 'LUIS FERNANDO SERRANO GARCIA\r'),
('94477158', 'EDWIN  GUZMAN \r'),
('94477178', 'FABIO ANDRES RIOS MONCADA\r'),
('94477208', 'CELSO  VALENZUELA \r'),
('94477256', 'ALEXANDER  OROZCO GOMEZ\r'),
('94477373', 'OSCAR FERNANDO VALDES MOSQUERA\r'),
('94477420', 'EDGAR ALBERTO NUÑEZ OSPINA\r'),
('94477610', 'OSMAN VLADIMIR CIFUENTES MOLINA\r'),
('94477641', 'EINER HERNAN HERRERA MONCADA\r'),
('94477657', 'ELY MORANTES MARTINEZ \r'),
('94477747', 'JOSE LUIS CARREÑO SANCHEZ\r'),
('94477791', 'JAIDER ORLANDO SALAZAR ALVAREZ\r'),
('94477813', 'DIEGO ALEXANDER TROCHEZ CANDAMIL\r'),
('94477866', 'EDWIN ANDRES MEJIA HENAO\r'),
('94477879', 'DURLEY  RIVERA \r'),
('94477929', 'ABEL ANTONIO RIVERA CARDEÑO\r'),
('94477961', 'HECTOR FABIO MARTINEZ GALLEGO\r'),
('94477990', 'ARMANDO DE JESUS ZAPATA OROZCO\r'),
('94478124', 'HASSAN IBRAHIM ABDALLAH MILLAN\r'),
('94478158', 'LUIS CARLOS ARIAS ESPINOSA\r'),
('94478208', 'JOSE ALDINEVER GARCIA GALLEGO\r'),
('94478372', 'DIEGO  JIMENEZ RODRIGUEZ\r'),
('94478461', 'EDUARDO  DELGADO \r'),
('94478569', 'EDUARD  CUELLAR CUELLAR\r'),
('94478594', 'HECTOR ALEXANDER FUELPAZ \r'),
('94478600', 'JHON JAIRO MONTOYA \r'),
('94478612', 'CRISTIAN ALEJANDRO CAMPUZANO \r'),
('94478626', 'GERMAN ALEXIS DUQUE \r'),
('94478674', 'ALEXANDER  VALDERRAMA RODRIGUEZ\r'),
('94478716', 'YIMMI  PEREZ BRAND\r'),
('94478721', 'FABIAN  MARTINEZ RUALES\r'),
('94478739', 'PABLO ANDRES ORTEGA POTES\r'),
('94478762', 'JIMMY  MUÑOZ SUAREZ\r'),
('94478866', 'EDWIN ANDRES MEJIA \r'),
('94478977', 'JUAN PABLO BUSTAMANTE FLOREZ\r'),
('94479055', 'JORGE ADRIAN VIVAS \r'),
('94479101', 'ALEJANDRO  GALEANO \r'),
('94479105', 'JORGE ADRIAN VIVAS ALVAREZ\r'),
('94479180', 'DIEGO ANDRES REYES GUERRERO\r'),
('94479195', 'JUAN PABLO ARBOLEDA \r'),
('94479237', 'ANDRES FELIPE VELEZ RESTREPO\r'),
('94479373', 'WILDER ANDRES CUERVO \r'),
('94479380', 'PABLO FELIPE ALVAREZ BERON\r'),
('94479382', 'JAINER  MEJIA \r'),
('94479425', 'ROBEIRO  CUERVO MARTINEZ\r'),
('94479443', 'OSCAR MAURICIO SALAZAR MARTINEZ\r'),
('94479536', 'DIEGO FERNANDO FRANCO \r'),
('94479571', 'JOSE GABRIEL SUAREZ \r'),
('94479585', 'OSCAR  LOPEZ \r'),
('94479786', 'LUIS  CORREA \r'),
('94479946', 'CARLOS ARTURO ORTIZ MONTOYA\r'),
('94479990', 'PABLO ANDRES ERAZO \r'),
('94480050', 'JOSE DIDIER DIAZ HOYOS\r'),
('94480242', 'JOSE JHON JAIRO PEREZ SAAVEDRA\r'),
('94480289', 'ANBNER SIRNEY ESTEBAN ACEVEDO\r'),
('94480293', 'FINCA VILLA LORENA \r'),
('94480512', 'EDWIN ANDRES RAYO GIRALDO\r'),
('94480527', 'JUAN CAMILO JARAMILLO \r'),
('94480568', 'ANDRES JULIAN HOLGUIN URBANO\r'),
('94480662', 'DAVID VALENTIN RAMIREZ BETANCUR\r'),
('94480713', 'JAIR  AGUIRRE \r'),
('94480747', 'OSCAR EDUARDO SALGADO GONZALES\r'),
('94480776', 'CRISTHYAN FERNANDO NUÑEZ OSPINA\r'),
('94480811', 'JOSE NORBEY VANEGAS LOPEZ\r'),
('94480883', 'OVERLEY  ORTIZ \r'),
('94480900', 'GUSTAVO ADOLFO CHAVEZ DAZA\r'),
('94480902', 'WILFREDO  PRIETO MARTINEZ\r'),
('94480959', 'AMAURI  HERNANDEZ PANESSO\r'),
('94481007', 'PEDRO LUIS CALLE PAREJA\r'),
('94481035', 'ELICEO  ESTEBAN \r'),
('94481084', 'RICARDO  GARCIA LOPEZ\r'),
('94481284', 'RAMIRO  QUEBRADA \r'),
('94481369', 'JHON JAIRO VELASQUEZ HENAO\r'),
('94481387', 'DIEGO FERNANDO LOAIZA BORRERO\r'),
('94481388', 'EIDER  MONTENEGRO GUTIERRREZ\r'),
('94481499', 'JUAN CAMILO TORO \r'),
('94481675', 'HUGO  PIEDRAHITA \r'),
('94481892', 'JESUS MARIA NACA \r'),
('94482099', 'DAIRO  CASTRILLON BURGOS\r'),
('94482159', 'EDISON  MARIN CARDONA\r'),
('94482164', 'MIGUEL ANGEL BEDOYA SOLIS\r'),
('94482274', 'JULIAN  JARAMILLO VARELA\r'),
('94482523', 'MARIO JAVIER DUQUE \r'),
('94482839', 'EDINSON AGUIRRE ORDOÑEZ \r'),
('94482869', 'YULEINNER  CASTILLO \r'),
('94482912', 'LLIRAN URIEL MARIN CARDONA\r'),
('94482924', 'ANDRES FELIPE VALENCIA SEPULVEDA\r'),
('94483102', 'DIDIER  TABORBA \r'),
('94483372', 'FABIAN ANDRES RIVERA CARDEÑO\r'),
('94491608', 'DANILO  VARELA \r'),
('94499462', 'CARLOS ANDRES ESCOBAR AGUADO\r'),
('94501439', 'YIMY NUMAR RESTREPO ARANGO\r'),
('94503276', 'HECTOR FABIO LEMOS BOLAÑOS\r'),
('94507311', 'JORGE ANDRES VERA ORTEGA\r'),
('94509646', 'JUAN CARLOS MURILLAS \r'),
('94509933', 'JULIAN  CASTRILLON \r'),
('94510416', 'ALEXANDER  VALENCIA VALENCIA\r'),
('94513591', 'JORGE ANDRES MORALES AGUDELO\r'),
('94514741', 'JHON JAIRO LESCANO \r'),
('94529423', 'JOSE OMAR ESPINOZA \r'),
('94538403', 'JAVIER ANTONIO ROCHA MENDEZ\r'),
('94558006', 'LUIS  JIMENEZ \r'),
('94937362', 'LUIS ALFONSO BURITICA \r'),
('94972996', 'JOSE LUIS PEREZ \r'),
('94977453', 'CRISTIAN  GALLEGO \r'),
('9533578', 'LOWELL JAVIER ALBARRACIN CARDENAS\r'),
('96359786', 'JAIME  QUIÑONEZ CUENCA\r'),
('9697574', 'JUAN PABLO RIVILLAS ESCOBAR\r'),
('9728206', 'FANOR  RAMIREZ GARCIA\r'),
('9732201', 'WILSON JOSE HINCAPIE VILLA\r'),
('9763881', 'HUGO BERTO LOPEZ HINCAPIE\r'),
('9764739', 'LUIS ALBERTO RAMIREZ PULGARIN\r'),
('9771909', 'DAVID  LEMA ARIAS\r'),
('9774783', 'JHON FREDDY TABORDA \r'),
('9790287', 'MAURICIO  BUILES BUILES\r'),
('9806805', 'CESAR AUGUSTO BOLIVAR CARDENAS\r'),
('9808978', 'LUIS RODRIGO MONTOYA GARCIA\r'),
('98136093', 'JUAN PABLO PANTOJA PANTOJA\r'),
('98145634', 'PEDRO JAMES NARVAEZ DIAZ\r'),
('98240013', 'EDGAR  ZAMBRANO BOLAÑOS\r'),
('98339859', 'ERNESTO BAYARDO GUERRERO PORTILLO\r'),
('98342144', 'JULIAN ARMANDO OLIVA BRAVO\r'),
('98343470', 'MIGUEL ANGEL CASTRO \r'),
('98364651', 'HECTOR FELIPE NARVAEZ CHAVES\r'),
('98370481', 'LUIS ALBERTO MORILLO CULTID\r'),
('98451964', 'GERSON NEY DIAZ GOMEZ\r'),
('98473936', 'JOSE GABRIEL MONSALVE GIL\r'),
('98501110', 'JORGE ALONSO HENAO NARANJO\r'),
('98520371', 'LIBARDO  LOPEZ LOPEZ\r'),
('98623844', 'JESUS RODOLFO ROJAS HENAO\r'),
('993020', 'LUIS ALBERTO PATIÑO COLORADO\r'),
('9930237', 'GERMAN AUGUSTO GRANADO \r'),
('9957614', 'FREDERMAN  GUTIERREZ \r'),
('9993801', 'JOSE LEONEL GUTIERREZ \r');

-- --------------------------------------------------------

--
-- Estructura de tabla para la tabla `dado`
--

CREATE TABLE `dado` (
  `id` int(100) NOT NULL,
  `dado` varchar(100) NOT NULL
) ENGINE=InnoDB DEFAULT CHARSET=utf8mb4;

--
-- Volcado de datos para la tabla `dado`
--

INSERT INTO `dado` (`id`, `dado`) VALUES
(1, 'N/A'),
(2, '3mm'),
(3, '4.5mm'),
(4, '6mm');

-- --------------------------------------------------------

--
-- Estructura de tabla para la tabla `empaque`
--

CREATE TABLE `empaque` (
  `id` int(100) NOT NULL,
  `empaque` varchar(100) NOT NULL
) ENGINE=InnoDB DEFAULT CHARSET=utf8mb4;

--
-- Volcado de datos para la tabla `empaque`
--

INSERT INTO `empaque` (`id`, `empaque`) VALUES
(1, 'GRANEL'),
(2, 'BULTO');

-- --------------------------------------------------------

--
-- Estructura de tabla para la tabla `formula`
--

CREATE TABLE `formula` (
  `id` int(11) NOT NULL,
  `codigo_producto` varchar(500) DEFAULT NULL,
  `codigo_mp` varchar(500) DEFAULT NULL,
  `peso` int(63) DEFAULT NULL,
  `fecha` date DEFAULT NULL
) ENGINE=InnoDB DEFAULT CHARSET=utf8mb4;

--
-- Volcado de datos para la tabla `formula`
--

INSERT INTO `formula` (`id`, `codigo_producto`, `codigo_mp`, `peso`, `fecha`) VALUES
(8, '60100', '300020', 0, '0000-00-00'),
(11, '30130', '300020', 0, '0000-00-00'),
(14, '20159', '100080', 0, '2023-05-19'),
(15, '20159', '100010', 6, '2023-05-19'),
(16, '20159', '100038', 8, '2023-05-19'),
(17, '20159', '10050', 1, '2023-05-19'),
(18, '20159', '200040', 10, '2023-05-19'),
(19, '20159', '300010', 13, '2023-05-19'),
(20, '20159', '100006', 0, '2023-05-19'),
(21, '20159', '200092', 12, '2023-05-19'),
(22, '20159', '500020', 16, '2023-05-19'),
(23, '20159', '500030', 17, '2023-05-19'),
(24, '20159', '500010', 15, '2023-05-19'),
(25, '20159', '500108', 0, '2023-05-19'),
(26, '20159', '100091', 0, '2023-05-19'),
(27, '20159', '500096', 0, '2023-05-19'),
(28, '20159', '200080', 11, '2023-05-19'),
(30, '20159', '800056', 0, '2023-05-19'),
(31, '20159', '100100', 0, '2023-05-19'),
(32, '20159', '100021', 0, '2023-05-19'),
(33, '20159', '100023', 7, '2023-05-19'),
(34, '20159', '500090', 18, '2023-05-19'),
(35, '20159', '200100', 0, '2023-05-19'),
(36, '20159', '200013', 9, '2023-05-19'),
(37, '20159', '410078', 14, '2023-05-19'),
(38, '20159', '100055', 0, '2023-05-19'),
(39, '20159', '800005', 0, '2023-05-19'),
(40, '20159', '900037', 0, '2023-05-19'),
(41, '20159', '300020', 0, '2023-05-19'),
(42, '20159', '300011', 0, '2023-05-19'),
(43, '20159', '200094', 0, '2023-05-19'),
(46, '20162', '100006', 23, '0000-00-00'),
(47, '20162', '10050', 22, '0000-00-00'),
(48, '20162', '300010', 25, '0000-00-00'),
(49, '20162', '200040', 20, '0000-00-00'),
(50, '20162', '100006', 0, '0000-00-00'),
(51, '20162', '200092', 26, '0000-00-00'),
(52, '20162', '500020', 27, '0000-00-00'),
(53, '20162', '500010', 28, '0000-00-00'),
(54, '20162', '500030', 29, '0000-00-00'),
(55, '20162', '500108', 0, '0000-00-00'),
(56, '20162', '100091', 0, '0000-00-00'),
(57, '20162', '500096', 30, '0000-00-00'),
(58, '20162', '200080', 31, '0000-00-00'),
(59, '20162', '100080', 0, '0000-00-00'),
(60, '20162', '800056', 0, '0000-00-00'),
(61, '20162', '100100', 32, '0000-00-00'),
(62, '20162', '100021', 0, '0000-00-00'),
(63, '20162', '100023', 7, '0000-00-00'),
(64, '20162', '500090', 18, '0000-00-00'),
(66, '20162', '200100', 0, '0000-00-00'),
(67, '20162', '410078', 14, '0000-00-00'),
(68, '20162', '410078', 0, '0000-00-00'),
(70, '20162', '100055', 0, '0000-00-00'),
(93, '20159', '100006', 0, '2023-05-19'),
(137, '20162', '100038', 24, '0000-00-00'),
(138, '20162', '800005', NULL, '0000-00-00'),
(139, '20162', '900037', NULL, '0000-00-00'),
(140, '20162', '300020', NULL, '0000-00-00'),
(141, '20162', '300011', NULL, '0000-00-00'),
(161, '10204', '100010', 1222, '2032-05-14'),
(167, '10204', '200040', NULL, NULL),
(168, '10204', '100080', NULL, NULL),
(169, '10204', '500010', NULL, NULL),
(170, '10204', '200092', NULL, NULL),
(171, '10204', '500020', NULL, NULL),
(172, '10204', '500115', NULL, NULL),
(173, '10204', '410055', NULL, NULL),
(174, '10204', '500030', NULL, NULL),
(175, '10204', '200152', NULL, NULL),
(176, '10204', '500090', NULL, NULL),
(177, '10204', '900088', NULL, NULL),
(178, '10204', '500108', NULL, NULL),
(179, '10204', '500117', NULL, NULL),
(180, '10204', '500096', NULL, NULL),
(181, '10204', '800074', NULL, NULL),
(183, '10204', '900088', 1310, NULL),
(535, '10203', '100080', 666, '2023-05-20'),
(536, '10203', '100038', 1220, '2023-05-20'),
(609, NULL, NULL, NULL, '2023-05-24'),
(610, NULL, NULL, NULL, '2023-05-25'),
(611, NULL, NULL, NULL, '2023-05-25'),
(612, NULL, NULL, NULL, '2023-05-25'),
(613, NULL, NULL, NULL, '2023-05-25'),
(614, NULL, NULL, NULL, '2023-05-24'),
(615, NULL, NULL, NULL, '2023-05-25'),
(616, NULL, NULL, NULL, '2023-05-26'),
(617, NULL, NULL, NULL, '2023-05-24'),
(618, NULL, NULL, NULL, '2023-05-24'),
(619, NULL, NULL, NULL, '2023-05-24'),
(620, NULL, NULL, NULL, '2023-05-24'),
(621, NULL, NULL, NULL, '2023-05-26'),
(622, NULL, NULL, NULL, '2023-05-26'),
(625, '10200', NULL, NULL, '2023-05-26'),
(630, '10200', '100010', 544, NULL),
(631, '10200', '100038', 338, NULL),
(632, '10200', '100023', 30, NULL),
(633, '10200', '300010', 22, NULL),
(634, '10200', '100143', 20, NULL),
(635, '10200', '200080', 12, NULL),
(636, '10200', '200040', 12, NULL),
(637, '10200', '100080', 5, NULL),
(638, '10200', '500010', 4, NULL),
(639, '10200', '200092', 4, NULL),
(640, '10200', '500020', 2, NULL),
(641, '10200', '500115', 2, NULL),
(642, '10200', '410055', 2, NULL),
(643, '10200', '500030', 1, NULL),
(644, '10200', '200152', 1, NULL),
(645, '10200', '500090', 1, NULL),
(646, '10200', '900088', 1, NULL),
(647, '10200', '500108', 0, NULL),
(648, '10200', '500117', 0, NULL),
(649, '10200', '500096', 0, NULL),
(650, '10200', '800074', 0, NULL),
(651, NULL, '100010', 544, NULL),
(652, NULL, '100038', 338, NULL),
(653, NULL, '100023', 30, NULL),
(654, NULL, '300010', 22, NULL),
(655, NULL, '100143', 20, NULL),
(656, NULL, '200080', 12, NULL),
(657, NULL, '200040', 12, NULL),
(658, NULL, '100080', 5, NULL),
(659, NULL, '500010', 4, NULL),
(660, NULL, '200092', 4, NULL),
(661, NULL, '500020', 2, NULL),
(662, NULL, '500115', 2, NULL),
(663, NULL, '410055', 2, NULL),
(664, NULL, '500030', 1, NULL),
(665, NULL, '200152', 1, NULL),
(666, NULL, '500090', 1, NULL),
(667, NULL, '900088', 1, NULL),
(668, NULL, '500108', 0, NULL),
(669, NULL, '500117', 0, NULL),
(670, NULL, '500096', 0, NULL),
(671, NULL, '800074', 0, NULL),
(672, NULL, '300020', 1, NULL),
(673, NULL, '100080', 2, NULL),
(674, NULL, '100010', 15, NULL),
(675, '10200', '300020', 1, '2023-05-24'),
(676, '10200', '100080', 2, '2023-05-24'),
(677, '10200', '100010', 15, '2023-05-24'),
(678, '10200', '300020', 1, '2023-05-25'),
(679, '10200', '100080', 2, '2023-05-25'),
(680, '10200', '100010', 15, '2023-05-25');

-- --------------------------------------------------------

--
-- Estructura de tabla para la tabla `linea`
--

CREATE TABLE `linea` (
  `id` int(20) NOT NULL,
  `linea` varchar(20) NOT NULL
) ENGINE=InnoDB DEFAULT CHARSET=utf8mb4;

--
-- Volcado de datos para la tabla `linea`
--

INSERT INTO `linea` (`id`, `linea`) VALUES
(1, 'MINERALES'),
(2, 'AMINOACIDOS'),
(5, 'PROTEINA'),
(6, 'LIQUIDOS'),
(7, 'NUCLEOS'),
(8, 'PORCICULTURA'),
(9, 'SOLIDOS'),
(10, 'MEDICAMENTOS'),
(11, 'ADITIVOS SOLIDOS');

-- --------------------------------------------------------

--
-- Estructura de tabla para la tabla `linea_precio`
--

CREATE TABLE `linea_precio` (
  `id` int(50) NOT NULL,
  `linea` varchar(100) NOT NULL
) ENGINE=InnoDB DEFAULT CHARSET=utf8mb4;

--
-- Volcado de datos para la tabla `linea_precio`
--

INSERT INTO `linea_precio` (`id`, `linea`) VALUES
(1, 'COMERCIALES'),
(2, 'NUTRICION ESPECIALIZADA'),
(3, 'CERCALIMA'),
(4, 'BELLAVISTA'),
(5, 'PORCIVAL'),
(6, 'COSTO EN PLANTA'),
(8, 'CARGUE'),
(9, 'TRANSPORTE');

-- --------------------------------------------------------

--
-- Estructura de tabla para la tabla `linea_producto`
--

CREATE TABLE `linea_producto` (
  `id` int(30) NOT NULL,
  `linea` varchar(30) NOT NULL
) ENGINE=InnoDB DEFAULT CHARSET=utf8mb4;

--
-- Volcado de datos para la tabla `linea_producto`
--

INSERT INTO `linea_producto` (`id`, `linea`) VALUES
(1, 'PORCICULTURA'),
(2, 'AVICULTURA'),
(3, 'GANADERIA'),
(4, 'MASCOTAS'),
(5, 'EQUINOS'),
(6, 'SOLIDOS'),
(7, 'CUNICULTURA'),
(8, 'CARNEROS');

-- --------------------------------------------------------

--
-- Estructura de tabla para la tabla `materia_prima`
--

CREATE TABLE `materia_prima` (
  `codigo` varchar(20) NOT NULL,
  `descripcion` varchar(50) NOT NULL,
  `linea` int(20) NOT NULL
) ENGINE=InnoDB DEFAULT CHARSET=utf8mb4;

--
-- Volcado de datos para la tabla `materia_prima`
--

INSERT INTO `materia_prima` (`codigo`, `descripcion`, `linea`) VALUES
('100006', 'SALVADO DE MAIZ ALCON', 9),
('100010', 'MAIZ ENTERO', 9),
('100021', 'HARINA DE ARROZ', 9),
('100023', 'HARINA TRIGO', 9),
('100038', 'TORTA DE SOYA ENTERA', 9),
('100055', 'HARINA GALLETA GRUESA', 9),
('100080', 'GLUTEN', 9),
('100091', 'NUCLEO PROTEICO', 2),
('100100', 'PALMISTE EXPELLER', 9),
('100143', 'GALLEPAN', 9),
('10050', 'MOGOLLA', 9),
('200013', 'AZUCAR', 9),
('200040', 'CARB CALCIO 30 FINO', 1),
('200080', 'FOSFATO BICALCICO', 1),
('200092', 'SAL', 1),
('200094', 'PIG LIGHT', 11),
('200100', 'BICARBONATO SODIO', 1),
('200152', 'INHISALM P MT X 25KG', 11),
('300010', 'ACEITE DE PALMA', 6),
('300011', 'ACEITE ACID SOYA', 6),
('300015', 'PRESERVANTE', 11),
('300020', 'MELAZA', 6),
('410055', 'NUCLEO LEVANTE AL', 7),
('410078', 'NUCLEO CERDAS CRIA LA COLINA *8', 7),
('500010', 'AMIN METIONINA', 1),
('500020', 'AMIN LISINA', 2),
('500030', 'AMIN TREONINA', 2),
('500090', 'CLORURO DE COLINA', 2),
('500096', 'TRIPTOFANO', 2),
('500108', 'VALINA', 2),
('500115', 'VITAL BINDER', 2),
('500117', 'ARGININA 25', 2),
('800005', 'CLORTETRACICLINA', 10),
('800056', 'NEOMAX 500', 10),
('800074', 'COLOSTRUM', 10),
('900037', 'TIAMULIN AL 10%', 10),
('900088', 'MAXIBAN -G X 25KG', 11);

-- --------------------------------------------------------

--
-- Estructura de tabla para la tabla `medicado`
--

CREATE TABLE `medicado` (
  `id` int(100) NOT NULL,
  `medicado` varchar(100) NOT NULL
) ENGINE=InnoDB DEFAULT CHARSET=utf8mb4;

--
-- Volcado de datos para la tabla `medicado`
--

INSERT INTO `medicado` (`id`, `medicado`) VALUES
(1, 'SI'),
(2, 'NO');

-- --------------------------------------------------------

--
-- Estructura de tabla para la tabla `permisos`
--

CREATE TABLE `permisos` (
  `id` int(10) NOT NULL,
  `rol` varchar(20) NOT NULL
) ENGINE=InnoDB DEFAULT CHARSET=utf8mb4;

--
-- Volcado de datos para la tabla `permisos`
--

INSERT INTO `permisos` (`id`, `rol`) VALUES
(1, 'Administrador'),
(2, 'Lector');

-- --------------------------------------------------------

--
-- Estructura de tabla para la tabla `peso`
--

CREATE TABLE `peso` (
  `id` int(100) NOT NULL,
  `peso` decimal(65,3) NOT NULL,
  `fecha` date NOT NULL,
  `mp` varchar(100) NOT NULL
) ENGINE=InnoDB DEFAULT CHARSET=utf8mb4;

--
-- Volcado de datos para la tabla `peso`
--

INSERT INTO `peso` (`id`, `peso`, `fecha`, `mp`) VALUES
(1, '40.000', '2023-04-18', '10050'),
(6, '597.000', '2023-04-18', '100010'),
(7, '40.000', '2023-04-18', '100023'),
(8, '252.000', '2023-04-18', '100038'),
(9, '10.000', '2023-04-18', '200013'),
(10, '5.970', '2023-04-18', '200040'),
(11, '9.000', '2023-04-18', '200080'),
(12, '4.200', '2023-04-18', '200092'),
(13, '28.500', '2023-04-18', '300010'),
(14, '8.000', '2023-04-18', '410078'),
(15, '0.900', '2023-04-18', '500010'),
(16, '2.650', '2023-04-18', '500020'),
(17, '0.980', '2023-04-18', '500030'),
(18, '0.800', '2023-04-18', '500090'),
(19, '640.000', '2023-04-18', '100010'),
(20, '9.090', '2023-05-02', '200040'),
(21, '40.000', '2023-05-02', '100021'),
(22, '0.000', '2023-05-03', '10050'),
(23, '0.000', '2023-05-03', '100006'),
(24, '231.000', '2023-05-03', '100038'),
(25, '23.000', '2023-05-03', '300010'),
(26, '4.250', '2023-05-03', '200092'),
(27, '3.720', '2023-05-03', '500020'),
(28, '0.880', '2023-05-03', '500010'),
(29, '1.160', '2023-05-03', '500030'),
(30, '0.100', '2023-05-03', '500096'),
(31, '11.000', '2023-05-03', '200080'),
(32, '27.000', '2023-05-03', '100100'),
(33, '20.000', '2023-05-14', '100143');

-- --------------------------------------------------------

--
-- Estructura de tabla para la tabla `precio_mp`
--

CREATE TABLE `precio_mp` (
  `id` int(20) NOT NULL,
  `precio` float(20,3) NOT NULL,
  `linea_precio` int(30) NOT NULL,
  `mp` varchar(30) NOT NULL,
  `fecha` date NOT NULL
) ENGINE=InnoDB DEFAULT CHARSET=utf8mb4;

--
-- Volcado de datos para la tabla `precio_mp`
--

INSERT INTO `precio_mp` (`id`, `precio`, `linea_precio`, `mp`, `fecha`) VALUES
(7, 1778.000, 1, '100010', '2023-04-17'),
(8, 1778.000, 2, '100010', '2023-04-17'),
(9, 1780.000, 3, '100010', '2023-04-17'),
(10, 1720.000, 4, '100010', '2023-04-17'),
(11, 1650.000, 5, '100010', '2023-04-17'),
(14, 65.000, 9, '100010', '2023-03-24'),
(15, 100.000, 8, '100010', '2023-03-24'),
(18, 1583.000, 6, '100006', '2023-05-05'),
(19, 2064.000, 6, '100021', '2023-05-05'),
(25, 4.533, 6, '100080', '2023-05-03'),
(26, 2788.000, 6, '100038', '2023-05-05'),
(27, 2178.000, 6, '200040', '2023-05-05'),
(28, 4808.000, 6, '300010', '2023-05-05'),
(29, 618.000, 6, '200092', '2023-05-05'),
(30, 7558.000, 1, '500020', '2023-04-14'),
(31, 7558.000, 6, '500020', '2023-05-05'),
(32, 7508.000, 6, '500030', '2023-05-05'),
(33, 14108.000, 6, '500010', '2023-05-05'),
(34, 18.008, 6, '500108', '2023-05-03'),
(35, 8.000, 6, '100091', '2023-05-05'),
(36, 1558.000, 6, '100023', '2023-05-05'),
(37, 8.000, 6, '100055', '2023-05-05'),
(38, 1308.000, 6, '100100', '2023-05-05'),
(39, 3743.000, 6, '200013', '2023-05-05'),
(40, 4608.000, 6, '200080', '2023-05-05'),
(41, 8.000, 6, '200094', '2023-05-03'),
(42, 2038.000, 6, '200100', '2023-05-05'),
(43, 3353.000, 6, '300011', '2023-05-05'),
(44, 443.000, 6, '300015', '2023-05-05'),
(45, 1078.000, 6, '300020', '2023-05-05'),
(46, 19328.000, 6, '410078', '2023-05-05'),
(47, 7808.000, 6, '500090', '2023-05-05'),
(48, 42008.000, 6, '500096', '2023-05-05'),
(49, 23208.000, 6, '800005', '2023-05-05'),
(50, 90548.000, 6, '800056', '2023-05-05'),
(51, 24032.000, 6, '900037', '2023-05-05'),
(54, 1875.000, 6, '100010', '2023-05-05'),
(60, 1600.000, 5, '10050', '2023-05-08'),
(61, 1800.000, 3, '10050', '2023-05-08'),
(62, 1450.000, 1, '100143', '2023-05-14'),
(63, 1450.000, 2, '100143', '2023-05-14'),
(64, 1450.000, 5, '100143', '2023-05-14'),
(65, 1607.500, 6, '100143', '2023-05-14');

-- --------------------------------------------------------

--
-- Estructura de tabla para la tabla `presentacion`
--

CREATE TABLE `presentacion` (
  `id` int(100) NOT NULL,
  `presentacion` varchar(100) NOT NULL
) ENGINE=InnoDB DEFAULT CHARSET=utf8mb4;

--
-- Volcado de datos para la tabla `presentacion`
--

INSERT INTO `presentacion` (`id`, `presentacion`) VALUES
(1, 'HARINA'),
(2, 'CROMBO'),
(3, 'QUEBRANTADO'),
(4, 'PELETIZADO');

-- --------------------------------------------------------

--
-- Estructura de tabla para la tabla `producto`
--

CREATE TABLE `producto` (
  `codigo` varchar(500) NOT NULL,
  `descripcion_producto` varchar(100) NOT NULL,
  `linea` int(20) NOT NULL,
  `presentacion` int(100) DEFAULT NULL,
  `empaque` int(100) DEFAULT NULL,
  `dado` int(100) DEFAULT NULL,
  `medicado` int(100) DEFAULT NULL
) ENGINE=InnoDB DEFAULT CHARSET=utf8mb4;

--
-- Volcado de datos para la tabla `producto`
--

INSERT INTO `producto` (`codigo`, `descripcion_producto`, `linea`, `presentacion`, `empaque`, `dado`, `medicado`) VALUES
('10200', 'POLLO INICIO ', 2, 2, 2, 1, 2),
('10203', 'INIALCON POLLO', 2, 2, 2, 1, 2),
('10204', 'POLLAS PREINICIO ', 2, 2, 1, 1, 2),
('10301', 'POLLO FINALIZACION ', 1, 4, 2, 1, 2),
('10303', 'FINALCON POLLO', 3, 3, 2, 1, 2),
('10400', 'LECHERAS 14% ', 3, 4, 2, 1, 2),
('10403', 'POLLITAS INICIACION ', 2, 2, 2, 1, 2),
('10404', 'POLLAS LEVANTE ', 2, 1, 2, 1, 2),
('10405', 'POLLAS LEVANTE ', 2, 2, 2, 1, 2),
('10440', 'POLLITAS INICIACION', 1, 2, 1, 1, 1),
('10456', 'POLLAS LEVANTE CROMBO QUALITY', 2, 2, NULL, NULL, 0),
('10457', 'POLLAS INICIO CROMBO QUALITY', 2, 2, NULL, NULL, 0),
('10508', 'PONEDORA PREPICO QUEBRANTADA BULTO', 2, 3, 2, NULL, 0),
('10511', 'PONALCON POSTURA QUEBRANTADO BULTO', 2, 3, 2, NULL, 0),
('10516', 'PONEDORA PREPICO PLUS HARINA COMERCIAL BULTO', 1, 1, 2, NULL, 0),
('10535', 'PONEDORA PREPOSTURA HARINA BULTO', 2, 1, 2, NULL, 0),
('10569', 'PONEDORA PREPICO JC HARINA BULTO', 1, 1, 2, NULL, 0),
('10597', 'PONEDORA FASE 2 HARINA BULTO', 2, 1, 2, NULL, 0),
('10605', 'PONEDORA ARRANQUE HARINA ANN BULTO', 2, 1, 2, NULL, 0),
('10606', 'PONEDORA ARRANQUE HARINA BULTO', 2, 1, 2, NULL, 0),
('10615', 'PONEDORA PREPICO HARINA JC BULTO', 2, 1, 2, NULL, 0),
('10619', 'PONEDORA ARRANQUE PIGMENTO REFORZADO QUEBRANTADA BULTO', 2, 3, 2, NULL, 0),
('10620', 'PONEDORA PREPOSTURA CROMBO BULTO', 2, 2, 2, NULL, 0),
('10624', 'PONEDORA ARRANQUE HARINA PLUMAS PORK BULTO', 1, 1, 2, NULL, 0),
('10631', 'PONEDORA ARRANQUE HARINA JC GRANEL', 2, 1, 1, NULL, 0),
('10635', 'PONEDORA MUDA HARINA PORTALES GRANEL', 2, 1, 1, NULL, 0),
('10643', 'PONEDORA PREPICO HARINA JC MED BULTO', 2, 1, 2, NULL, 0),
('10645', 'PONEDORA ARRANQUE QUEBRANTADO MJ', 2, 3, NULL, NULL, 0),
('10658', 'PONEDORA PREPICO HARINA ANN', 1, 1, NULL, NULL, 0),
('10660', 'PONEDORA PREPICO FASE 2 HARINA PORTALES GRANEL.', 2, 1, 1, NULL, 0),
('10661', 'PONEDORA PREPICO QUEBRANTADA MJ', 2, 3, NULL, NULL, 0),
('10662', 'PONEDORA PREPICO REFORZADA JM QUEBRANTADA', 2, 3, NULL, NULL, 0),
('10663', 'PONEDORA PREPOSTURA QUEBRANTADA ANN', 2, 3, NULL, NULL, 0),
('12817', 'CERDO LEVANTE 1 MED LC PELET BULTO', 1, 4, 2, NULL, 0),
('20100', 'CERDAS GESTACION HARINA BULTO', 1, 1, 2, NULL, 0),
('20103', 'GESTACION MULTIPARAS PELLET LC JM', 1, 4, NULL, NULL, 0),
('20104', 'CERDAS LACTANCIA HARINA BULTO', 1, 1, 2, NULL, 0),
('20106', 'CERDAS LACTANCIA PLUS PELET BULTO', 1, 4, 2, NULL, 0),
('20107', 'CERDAS LACTANCIA PREPARTO PELET CERCALIMA BULTO', 1, 4, 2, NULL, 0),
('20114', 'CERDAS GESTACION PELET CERCALIMA BULTO', 1, 4, 2, NULL, 0),
('20115', 'CERDAS LACTANCIA MULTIPARAS PELET CERCALIMA BULTO', 1, 4, 2, NULL, 0),
('20130', 'HEMBRAS REEMPLAZOS PELET CERCALIMA BULTO', 1, 4, 2, NULL, 0),
('20131', 'CERDAS GESTACION PELET PLUS BULTO', 1, 4, 2, NULL, 0),
('20140', 'CERDAS GESTACION PLUS MEDICADA', 1, 4, NULL, NULL, 0),
('20154', 'CERDAS  CRECIMIENTO PELET LC', 1, 4, NULL, NULL, 0),
('20159', 'CERDAS REEMPLAZO HARINA LC', 1, 1, NULL, NULL, 0),
('20162', 'CERDAS PREPARTO qtda', 1, 2, NULL, NULL, 0),
('20164', 'LACTANCIA MULTIPARAS PELLET LC', 1, 4, NULL, NULL, 0),
('20209', 'CERDO INICIO PELET CERCALIMA BULTO', 1, 4, 2, NULL, 0),
('20211', 'CERDO INICIO LC JM PELLET,', 1, 4, NULL, NULL, 0),
('20219', 'CERDO INICO LC JM MEDICADO PELLET', 1, 4, NULL, NULL, 0),
('20229', 'CERDO INICIO ', 1, 4, 2, 2, 0),
('20232', 'CERDO FASE 2 ALCON PELET 3MM BULTO', 1, 4, 2, 2, 0),
('20233', 'CERDO INICIO MEDICADO PELET 4.5MM BULTO', 1, 4, 2, 3, 0),
('20249', 'CERDO FASE 1 MED EL LLANITO PELET 3MM BULTO', 1, 4, 2, 2, 0),
('20250', 'CERDO FASE 3 MED EL LLANITO PELET 3 MM BULTO', 1, 4, 2, 2, 0),
('20251', 'CERDO FASE 4 MED EL LLANITO PELET 4.5MM BULTO', 1, 4, 2, 3, 0),
('20252', 'CERDO FASE 2 MED EL LLANITO PELET 3MM BULTO', 1, 4, 2, 2, 0),
('20254', 'CERDO FASE 2 MED LA COLINA PELET 3MM BULTO', 1, 4, 2, 2, 0),
('20255', 'CERDO FASE 3 MED LA COLINA PELET 4.5MM BULTO', 1, 4, 2, 3, 0),
('20280', 'CERDO PREINICIACION NORMAL JM PELLET', 1, 4, NULL, NULL, 0),
('20300', 'CERDO LEVANTE PELET BULTO', 1, 4, 2, NULL, 0),
('20301', 'CERDO LEVANTE 2 JM PELLET', 1, 4, NULL, NULL, 0),
('20306', 'LEVALCON CERDOS PELET BULTO', 1, 4, 2, NULL, 0),
('20326', 'CERDO LEVANTE TRES NS CERCALIMA PELET BULTO', 1, 4, 2, NULL, 0),
('20330', 'CERDO LEVANTE UNO NS CERCALIMA PELET BULTO', 1, 4, 2, NULL, 0),
('20334', 'CERDO LEVANTE DOS NS MED CERCALIMA PELET BULTO', 1, 4, 2, NULL, 0),
('20344', 'LEVANTE 1 ALCON MQ PELET BULTO', 1, 4, 2, NULL, 0),
('20357', 'CERDO LEVANTE UNO CERCALIMA PELET BULTO', 1, 4, 2, NULL, 0),
('20358', 'CERDO LEVANTE DOS CERCALIMA MED PELET BULTO', 1, 4, 2, NULL, 0),
('20359', '', 1, 0, NULL, NULL, 0),
('20363', 'CERDO FASE 3 HARINA HA BULTO', 1, 1, 2, NULL, 0),
('20364', 'CERDO FASE 4 PELET 4.5MM HA BULTO', 1, 4, 2, NULL, 0),
('20369', 'CERDO LEVANTE 2 MED EL LLANITO PELET BULTO', 1, 4, 2, NULL, 0),
('20381', 'CERDO LEVANTE 1 MED HA PELET BULTO', 1, 4, 2, NULL, 0),
('20386', 'CERDO LEVANTE 2 MED HA PELET BULTO', 1, 4, NULL, NULL, 0),
('20390', 'CERDO LEVANTE 2 MED LC PELET BULTO', 1, 4, NULL, NULL, 0),
('20399', 'CERDO LEVANTE 1 JM PELLET', 1, 4, NULL, NULL, 0),
('20400', 'CERDO ENGORDE PELET BULTO', 1, 4, NULL, NULL, 0),
('20405', 'FINALCON CERDOS PELET BULTO', 1, 4, 2, NULL, 0),
('20419', 'CERDO FINALIZADOR NEWSHAM PELET BULTO', 1, 4, 2, NULL, 0),
('20423', 'CERDO FINALIZADOR 2 LLANITO PELET BULTO', 1, 4, 2, NULL, 0),
('20425', 'CERDO ENGORDE MAGRO MQ PELET BULTO', 1, 4, 2, NULL, 0),
('20427', 'CERDO FINALIZADOR UNO NS MED PELET BULTO', 1, 4, 2, NULL, 0),
('20429', 'CERDO FINALIZADOR DOS CERCALIMA PELET BULTO', 1, 4, 2, NULL, 0),
('20431', 'CERDO FINALIZADOR UNO LLANITO PELET BULTO', 1, 4, 2, NULL, 0),
('20445', 'CERDO FINALIZADOR UNO MED HA PELET BULTO', 1, 4, 2, NULL, 0),
('20450', 'CERDO FINALIZADOR LA COLINA PELET BULTO', 1, 4, 2, NULL, 0),
('20454', 'CERDO FINALIZADOR JM PELLET', 1, 4, NULL, NULL, 0),
('30100', 'LECHERAS 12% HARINA BULTO', 3, 1, 2, NULL, 0),
('30101', 'LECHERAS 14% HARINA BULTO', 3, 1, 2, NULL, 0),
('30103', 'NOVILLOS LEVANTE HARINA BULTO', 3, 1, 2, NULL, 0),
('30104', 'TERNERAS PELET BULTO', 1, 4, 2, NULL, 0),
('30106', 'NOVILLOS LEVANTE PELET BULTO', 3, 4, 2, NULL, 0),
('30108', 'LECHERAS 18% PELET BULTO', 3, 4, 2, NULL, 0),
('30109', 'LECHERAS 18 % ESPECIAL HARINA BULTO', 3, 1, 2, NULL, 0),
('30110 ', 'LECHERAS 16% HARINA BULTO', 3, 1, 2, NULL, 0),
('30111', 'LECHERAS 16% PELET BULTO', 3, 4, 2, NULL, 0),
('30122', 'LECHERAS 14 % HARINA CAFIOCCIDENTE BULTO', 3, 1, 2, NULL, 0),
('30124', 'LECHERAS 18% HARINA CAFIOCCIENTE BULTO', 3, 1, 2, NULL, 0),
('30126', 'LECHERAS 12% HARINA LV BULTO', 3, 1, 2, NULL, 0),
('30127', 'TERNERAS PELET LV BULTO', 3, 4, 2, NULL, 0),
('30128', 'LECHERAS 13% HARINA BULTO', 3, 1, 2, NULL, 0),
('30129', 'LECHERAS 13% PELET BULTO', 3, 4, 2, NULL, 0),
('30130', 'ENERFIBRA HARINA', 3, 1, NULL, NULL, 0),
('30131', 'ENERFIBRA PELLET 12%', 3, 4, NULL, NULL, 0),
('30132', 'ENERFIBRA 12% HARINA', 3, 1, NULL, NULL, 0),
('30135', 'GANADO FASE 1 ALCON PELLET', 3, 4, NULL, NULL, 0),
('40101', 'EQUIALCON PELET BULTO', 1, 4, 2, NULL, 0),
('60100', 'SUPERCAN PELET BULTO', 4, 4, 2, 1, 2),
('60102', 'CONEJOS ENGORDE PELET BULTO', 7, 4, 2, NULL, 2);

-- --------------------------------------------------------

--
-- Estructura de tabla para la tabla `usuario`
--

CREATE TABLE `usuario` (
  `id` int(10) NOT NULL,
  `nombre` varchar(30) NOT NULL,
  `correo` varchar(50) NOT NULL,
  `password` varchar(20) NOT NULL,
  `rol` int(10) NOT NULL,
  `fecha` timestamp(6) NOT NULL DEFAULT current_timestamp(6) ON UPDATE current_timestamp(6)
) ENGINE=InnoDB DEFAULT CHARSET=utf8mb4;

--
-- Volcado de datos para la tabla `usuario`
--

INSERT INTO `usuario` (`id`, `nombre`, `correo`, `password`, `rol`, `fecha`) VALUES
(1, 'Eliana', 'nijamael@gmail.com', 'eliana', 1, '2023-01-25 16:30:26.121014'),
(4444, 'prueba5', 'prueba4@gmail.com', 'prueba2', 2, '2023-01-26 15:14:39.681832'),
(1233311, 'test', 'test@gmail.com', 'test', 2, '2023-01-25 14:31:24.564358'),
(14898838, 'Mario', 'onred.valle@gmail.com', 'Nicolitos00', 1, '2023-01-25 14:31:24.576470'),
(1115094321, 'Nicolas ', 'nicojaviguato@gmail.com', 'nico', 1, '2023-01-25 20:08:08.742286');

--
-- Índices para tablas volcadas
--

--
-- Indices de la tabla `cliente`
--
ALTER TABLE `cliente`
  ADD PRIMARY KEY (`nit`);

--
-- Indices de la tabla `dado`
--
ALTER TABLE `dado`
  ADD PRIMARY KEY (`id`);

--
-- Indices de la tabla `empaque`
--
ALTER TABLE `empaque`
  ADD PRIMARY KEY (`id`);

--
-- Indices de la tabla `formula`
--
ALTER TABLE `formula`
  ADD PRIMARY KEY (`id`),
  ADD KEY `fk_cod_mp` (`codigo_mp`),
  ADD KEY `fk_form1` (`codigo_producto`);

--
-- Indices de la tabla `linea`
--
ALTER TABLE `linea`
  ADD PRIMARY KEY (`id`);

--
-- Indices de la tabla `linea_precio`
--
ALTER TABLE `linea_precio`
  ADD PRIMARY KEY (`id`);

--
-- Indices de la tabla `linea_producto`
--
ALTER TABLE `linea_producto`
  ADD PRIMARY KEY (`id`);

--
-- Indices de la tabla `materia_prima`
--
ALTER TABLE `materia_prima`
  ADD PRIMARY KEY (`codigo`),
  ADD KEY `fk_linnea` (`linea`);

--
-- Indices de la tabla `medicado`
--
ALTER TABLE `medicado`
  ADD PRIMARY KEY (`id`);

--
-- Indices de la tabla `permisos`
--
ALTER TABLE `permisos`
  ADD PRIMARY KEY (`id`);

--
-- Indices de la tabla `peso`
--
ALTER TABLE `peso`
  ADD PRIMARY KEY (`id`);

--
-- Indices de la tabla `precio_mp`
--
ALTER TABLE `precio_mp`
  ADD PRIMARY KEY (`id`),
  ADD KEY `fk_precio_mp` (`mp`),
  ADD KEY `fk_linea_precio` (`linea_precio`);

--
-- Indices de la tabla `presentacion`
--
ALTER TABLE `presentacion`
  ADD PRIMARY KEY (`id`);

--
-- Indices de la tabla `producto`
--
ALTER TABLE `producto`
  ADD PRIMARY KEY (`codigo`),
  ADD KEY `fk_prod1` (`linea`),
  ADD KEY `fk_pres` (`presentacion`),
  ADD KEY `fk_empa` (`empaque`),
  ADD KEY `fk_daddoxd` (`dado`),
  ADD KEY `fk_medixxx` (`medicado`);

--
-- Indices de la tabla `usuario`
--
ALTER TABLE `usuario`
  ADD PRIMARY KEY (`id`),
  ADD KEY `fk_rol` (`rol`);

--
-- AUTO_INCREMENT de las tablas volcadas
--

--
-- AUTO_INCREMENT de la tabla `dado`
--
ALTER TABLE `dado`
  MODIFY `id` int(100) NOT NULL AUTO_INCREMENT, AUTO_INCREMENT=5;

--
-- AUTO_INCREMENT de la tabla `empaque`
--
ALTER TABLE `empaque`
  MODIFY `id` int(100) NOT NULL AUTO_INCREMENT, AUTO_INCREMENT=3;

--
-- AUTO_INCREMENT de la tabla `formula`
--
ALTER TABLE `formula`
  MODIFY `id` int(11) NOT NULL AUTO_INCREMENT, AUTO_INCREMENT=681;

--
-- AUTO_INCREMENT de la tabla `linea`
--
ALTER TABLE `linea`
  MODIFY `id` int(20) NOT NULL AUTO_INCREMENT, AUTO_INCREMENT=12;

--
-- AUTO_INCREMENT de la tabla `linea_precio`
--
ALTER TABLE `linea_precio`
  MODIFY `id` int(50) NOT NULL AUTO_INCREMENT, AUTO_INCREMENT=10;

--
-- AUTO_INCREMENT de la tabla `linea_producto`
--
ALTER TABLE `linea_producto`
  MODIFY `id` int(30) NOT NULL AUTO_INCREMENT, AUTO_INCREMENT=9;

--
-- AUTO_INCREMENT de la tabla `medicado`
--
ALTER TABLE `medicado`
  MODIFY `id` int(100) NOT NULL AUTO_INCREMENT, AUTO_INCREMENT=3;

--
-- AUTO_INCREMENT de la tabla `permisos`
--
ALTER TABLE `permisos`
  MODIFY `id` int(10) NOT NULL AUTO_INCREMENT, AUTO_INCREMENT=3;

--
-- AUTO_INCREMENT de la tabla `peso`
--
ALTER TABLE `peso`
  MODIFY `id` int(100) NOT NULL AUTO_INCREMENT, AUTO_INCREMENT=34;

--
-- AUTO_INCREMENT de la tabla `precio_mp`
--
ALTER TABLE `precio_mp`
  MODIFY `id` int(20) NOT NULL AUTO_INCREMENT, AUTO_INCREMENT=66;

--
-- AUTO_INCREMENT de la tabla `presentacion`
--
ALTER TABLE `presentacion`
  MODIFY `id` int(100) NOT NULL AUTO_INCREMENT, AUTO_INCREMENT=5;

--
-- Restricciones para tablas volcadas
--

--
-- Filtros para la tabla `formula`
--
ALTER TABLE `formula`
  ADD CONSTRAINT `fk_cod_mp` FOREIGN KEY (`codigo_mp`) REFERENCES `materia_prima` (`codigo`),
  ADD CONSTRAINT `fk_form1` FOREIGN KEY (`codigo_producto`) REFERENCES `producto` (`codigo`);

--
-- Filtros para la tabla `materia_prima`
--
ALTER TABLE `materia_prima`
  ADD CONSTRAINT `fk_linnea` FOREIGN KEY (`linea`) REFERENCES `linea` (`id`);

--
-- Filtros para la tabla `precio_mp`
--
ALTER TABLE `precio_mp`
  ADD CONSTRAINT `fk_linea_precio` FOREIGN KEY (`linea_precio`) REFERENCES `linea_precio` (`id`),
  ADD CONSTRAINT `fk_precio_mp` FOREIGN KEY (`mp`) REFERENCES `materia_prima` (`codigo`);

--
-- Filtros para la tabla `producto`
--
ALTER TABLE `producto`
  ADD CONSTRAINT `fk_daddoxd` FOREIGN KEY (`dado`) REFERENCES `dado` (`id`),
  ADD CONSTRAINT `fk_empa` FOREIGN KEY (`empaque`) REFERENCES `empaque` (`id`),
  ADD CONSTRAINT `fk_lproducto` FOREIGN KEY (`linea`) REFERENCES `linea_producto` (`id`),
  ADD CONSTRAINT `fk_medixxx` FOREIGN KEY (`medicado`) REFERENCES `medicado` (`id`),
  ADD CONSTRAINT `fk_pres` FOREIGN KEY (`presentacion`) REFERENCES `presentacion` (`id`),
  ADD CONSTRAINT `fk_prod1` FOREIGN KEY (`linea`) REFERENCES `linea_producto` (`id`);

--
-- Filtros para la tabla `usuario`
--
ALTER TABLE `usuario`
  ADD CONSTRAINT `usuario_ibfk_1` FOREIGN KEY (`rol`) REFERENCES `permisos` (`id`);
COMMIT;

/*!40101 SET CHARACTER_SET_CLIENT=@OLD_CHARACTER_SET_CLIENT */;
/*!40101 SET CHARACTER_SET_RESULTS=@OLD_CHARACTER_SET_RESULTS */;
/*!40101 SET COLLATION_CONNECTION=@OLD_COLLATION_CONNECTION */;
